Barcode,UMAP-1,UMAP-2
AAACCTGAGTTACCCA-1,0.22739057,1.3599086
AAACCTGCAAGCTGAG-1,3.2839034,-0.3880087
AAACCTGGTTCAGGCC-1,-3.8137093,-3.5404966
AAACCTGTCGGCCGAT-1,-4.51168,1.5796934
AAACGGGAGTACGCGA-1,4.8866115,0.55520403
AAACGGGTCGCACTCT-1,1.483922,-1.8569152
AAAGATGAGAAGGCCT-1,-5.207413,-4.784218
AAAGATGGTCATCGGC-1,-4.524973,-4.838722
AAAGATGTCGCGGATC-1,-3.8098783,-3.456775
AAAGCAACAAACCTAC-1,-6.4247384,-1.0108602
AAAGCAACAATAAGCA-1,2.2639525,0.80311
AAAGCAACATAAAGGT-1,2.4290335,-2.6095572
AAAGCAAGTCTCCCTA-1,4.5523686,1.8322637
AAAGTAGAGGTGCACA-1,0.031412486,2.125427
AAATGCCAGCTCTCGG-1,-4.1681576,0.44420704
AAATGCCCAAGAGTCG-1,3.303758,1.9926325
AACACGTAGGTAAACT-1,-3.7795398,-0.99683446
AACCATGAGCAGGCTA-1,-5.9687037,-0.4421996
AACCATGAGGGAAACA-1,0.7583186,2.7349086
AACCATGTCTTACCTA-1,-4.959402,-1.3467854
AACCGCGAGAATCTCC-1,2.033206,-2.9272487
AACCGCGAGCAAATCA-1,-0.7528806,-0.7641
AACGTTGGTAGGGACT-1,-3.0902126,1.0648491
AACGTTGTCAATCTCT-1,-5.0680275,-0.59979635
AACTCAGCAAAGGCGT-1,-8.024831,1.2337586
AACTCAGCAAGTTCTG-1,0.093976185,-1.2931861
AACTCAGGTCTGATTG-1,-0.8468464,0.5999116
AACTCAGTCGCACTCT-1,-0.045895115,-2.222808
AACTCAGTCTTCGGTC-1,0.9635065,-1.5132695
AACTCTTGTGCAGTAG-1,-5.781472,-0.83656687
AACTCTTGTTCGTGAT-1,-7.733347,-0.5410085
AACTGGTAGACTAGGC-1,0.8342715,2.3194425
AACTGGTAGGCCCTCA-1,2.6126664,2.855057
AACTTTCAGTACGCGA-1,-5.3032184,0.95971066
AACTTTCTCCAGATCA-1,-2.5274365,-0.70621747
AAGACCTAGTCGCCGT-1,1.213579,-2.196795
AAGACCTAGTGACTCT-1,0.09151819,0.23027152
AAGACCTTCATCACCC-1,1.4871447,-2.2571783
AAGCCGCCAAGTCTGT-1,1.029757,0.5560939
AAGCCGCCACAGTCGC-1,3.3037167,2.5500548
AAGCCGCCACGAAAGC-1,4.214438,-1.3263801
AAGGAGCCATATGAGA-1,-5.0517755,-4.25571
AAGTCTGAGACACTAA-1,-5.1181216,-3.1969812
AAGTCTGAGGAATCGC-1,1.4521719,0.38721547
AAGTCTGAGTGGACGT-1,-3.8001397,0.5993556
AATCCAGAGTGGTAAT-1,3.0214362,2.0720062
AATCCAGCACTTAAGC-1,-2.8620946,-0.01300903
AATCCAGCATGGGAAC-1,-4.750134,-0.36944637
AATCCAGCATGGTAGG-1,-4.9016657,-2.7675261
AATCCAGTCCATTCTA-1,1.9237366,-0.72920394
AATCGGTGTCGAGTTT-1,2.9853992,-2.1280851
ACACCCTCATTAACCG-1,0.36484146,-2.5193934
ACACCCTTCTGTCTAT-1,0.6186921,-1.0614841
ACACCCTTCTGTTGAG-1,4.248669,-0.9957519
ACACCGGAGAAGATTC-1,0.3271396,-1.0452291
ACACCGGAGCGTCTAT-1,4.700047,-0.66448164
ACACCGGGTCTTTCAT-1,-5.822289,-0.64820284
ACACCGGGTGTATGGG-1,4.483839,-0.50311166
ACACTGAAGCGATCCC-1,5.923352,-0.80897206
ACACTGAAGCTGCGAA-1,2.7923884,0.64735496
ACACTGAAGTCTCGGC-1,-5.0516653,1.670117
ACACTGACAAGAAAGG-1,3.4119341,1.5085133
ACACTGAGTAGAAAGG-1,4.0900807,2.069512
ACACTGAGTTCCCTTG-1,-4.604212,-3.5704916
ACAGCCGAGCGTTCCG-1,1.6151077,-0.6603413
ACAGCCGAGGCAGTCA-1,2.91524,0.74350584
ACAGCCGCACACAGAG-1,4.7039843,-0.53894943
ACAGCCGCATCACGTA-1,-7.589932,0.419809
ACAGCCGTCAACGGCC-1,5.7337375,0.09647374
ACAGCTAAGTGGTAAT-1,5.461187,0.3110292
ACAGCTAGTGATAAAC-1,3.507853,2.266124
ACATACGCAATCGAAA-1,-7.1556964,-0.43893236
ACATACGGTCGATTGT-1,2.2284844,1.8334981
ACATACGTCGTTGCCT-1,4.2187324,1.1657944
ACATACGTCTTACCTA-1,-5.4889016,-4.8173447
ACATCAGAGAGCTGGT-1,1.4265981,-0.9520918
ACATGGTGTTCAGACT-1,-4.624226,-2.8907142
ACATGGTTCTTCAACT-1,-1.1965166,-0.29967955
ACATGGTTCTTGAGGT-1,-0.54619545,1.5338296
ACCAGTACAACTGCGC-1,0.18804517,-1.6695541
ACCAGTATCCGAAGAG-1,2.553142,-1.0374932
ACCAGTATCTGGAGCC-1,-3.994823,-0.046692554
ACCAGTATCTTGCCGT-1,-0.55752987,0.44743577
ACCCACTCATACTCTT-1,-1.0518391,1.2173152
ACCGTAAAGACCTAGG-1,-0.04353574,-0.4519097
ACCGTAACAAGCGCTC-1,-5.343489,1.5054183
ACCGTAATCCGCTGTT-1,2.5396082,-1.5837004
ACCTTTAAGAATAGGG-1,-7.950785,0.36380178
ACGAGCCCATACGCCG-1,4.286509,2.042835
ACGAGGAAGTGGTAAT-1,-4.4809394,0.44161436
ACGAGGACAACAACCT-1,3.1054873,-1.6942837
ACGAGGAGTAGCGATG-1,1.4100806,2.9675
ACGAGGATCACCACCT-1,0.21936771,1.2613775
ACGAGGATCCTGCAGG-1,4.014862,-0.54559517
ACGATACAGAGCCTAG-1,1.8082565,2.6333122
ACGATACCACCAGTTA-1,2.225808,-2.7967017
ACGATACTCCTAAGTG-1,3.3691084,2.6083875
ACGATGTAGATTACCC-1,4.2211547,0.760516
ACGATGTAGTACATGA-1,-0.34890833,-1.8322926
ACGATGTAGTTTGCGT-1,-3.7158258,1.975034
ACGATGTCATGAACCT-1,2.1066241,0.41510057
ACGATGTCATTCGACA-1,-4.0033913,-3.3319
ACGCAGCAGTGGTAGC-1,-7.751119,0.038294822
ACGCAGCTCCCTCAGT-1,-7.4814262,-0.52795213
ACGCCAGAGAAGGGTA-1,-4.681396,1.8566313
ACGCCAGAGTACTTGC-1,-5.2522306,-4.542302
ACGCCAGCACGTAAGG-1,1.7152225,0.86809736
ACGCCAGCACTGCCAG-1,-7.749799,0.8452447
ACGCCAGGTTTGTTGG-1,4.013573,-0.3451883
ACGCCGAAGCCAGGAT-1,0.9086278,2.9075344
ACGCCGATCACATAGC-1,-6.8373413,-0.9492033
ACGGAGACACAACGCC-1,3.0197344,-0.6233668
ACGGGCTGTCCAAGTT-1,0.80279106,2.6815004
ACGGGCTGTTGAGTTC-1,-3.7726545,-3.6103094
ACGGGCTTCAACCAAC-1,3.6969213,2.323422
ACGGGTCAGACAGACC-1,-3.7043421,0.5603548
ACGGGTCAGATGTAAC-1,3.161016,-0.73873466
ACGGGTCGTTCAGACT-1,-3.2108629,1.4297271
ACGTCAACACAGACTT-1,-5.8387403,0.53001946
ACGTCAACAGAGTGTG-1,3.094229,0.9875439
ACGTCAAGTCACACGC-1,1.330044,3.291922
ACGTCAATCAAACCGT-1,2.9368715,-1.3922225
ACTATCTCAGATGAGC-1,-8.041728,-0.25152072
ACTATCTGTTCTGGTA-1,-5.1792045,-4.9482574
ACTGAGTAGGGCTTCC-1,-5.377137,1.5269512
ACTGAGTCACATTTCT-1,-0.5296978,-1.2240248
ACTGATGAGCTAGTGG-1,-8.114823,0.28309575
ACTGCTCAGATGGCGT-1,3.6641786,-0.24588881
ACTGCTCAGTGTTTGC-1,1.8914722,2.5705955
ACTGCTCCATGAACCT-1,0.19831304,2.4555383
ACTGCTCTCATGCATG-1,-4.0994067,-3.1047382
ACTGCTCTCCAGTAGT-1,-2.8733795,-1.2643462
ACTGTCCAGGAATGGA-1,-1.5346551,0.0897794
ACTGTCCTCCAGAGGA-1,-3.6740997,-3.799726
ACTGTCCTCGCCATAA-1,-0.076798245,-1.9400893
ACTTACTGTGATAAGT-1,0.0020345685,1.329608
ACTTACTTCTGATTCT-1,-4.667078,-3.5735092
ACTTGTTAGTGGAGTC-1,0.020699775,2.690993
ACTTGTTGTTACAGAA-1,2.422236,-0.015513181
ACTTTCACAGATCTGT-1,3.8782191,2.1012058
ACTTTCATCCCGACTT-1,3.5582442,-1.6497697
AGAATAGAGTGGGTTG-1,3.4763808,-0.1828544
AGACGTTGTCAATGTC-1,2.4466228,2.3520815
AGACGTTGTGGCTCCA-1,4.596429,0.621458
AGACGTTTCATTTGGG-1,-4.11421,-3.2075949
AGAGCGATCTCGTTTA-1,3.6146834,-1.9969035
AGAGCTTAGATGCCTT-1,4.7014084,-0.40786567
AGAGCTTGTGTATGGG-1,-7.8317857,1.7534399
AGAGCTTTCGTGGACC-1,4.254356,2.0949998
AGAGCTTTCTGGCGAC-1,-8.331611,1.1471504
AGAGTGGCAGGTGCCT-1,5.1990466,-0.31963047
AGAGTGGTCCGTTGCT-1,4.4851522,0.7992211
AGATCTGAGAATAGGG-1,-5.0905175,-4.848029
AGATCTGAGTCATCCA-1,-4.827841,1.7804565
AGATTGCCACATCCGG-1,-5.5161314,-0.20134963
AGATTGCGTCGCCATG-1,2.9901018,2.8152452
AGCAGCCGTGAGTATA-1,-4.2452035,0.056924842
AGCAGCCGTTACCGAT-1,-4.4443564,-0.2205056
AGCAGCCGTTTCCACC-1,0.97261655,2.8584366
AGCAGCCTCAGAGGTG-1,-6.6696277,-0.5107418
AGCATACAGCCACCTG-1,-8.337193,-0.06526007
AGCATACGTCTGCAAT-1,0.28806838,-0.22359996
AGCCTAAGTCACCCAG-1,0.46279132,0.29202914
AGCCTAAGTTACAGAA-1,-5.498811,0.25532407
AGCGGTCGTAACGCGA-1,2.7983754,2.6672883
AGCGTCGAGCGATATA-1,5.7043095,-0.64308655
AGCGTCGCACACATGT-1,5.703751,-0.8035171
AGCTCCTAGTAACCCT-1,-6.815303,-0.69737303
AGCTCCTTCCAAACTG-1,-0.27030465,-2.3382885
AGCTCTCTCTGTCTCG-1,2.6850379,-2.4611404
AGCTTGAAGGGAAACA-1,4.1078463,-0.6926568
AGCTTGAGTACCGTTA-1,-4.606511,-4.5561132
AGCTTGAGTCTACCTC-1,-0.75164145,1.414262
AGGCCACAGAGAACAG-1,0.5745011,2.2833383
AGGCCACAGTTAACGA-1,1.2802727,0.5195433
AGGCCACGTCTAGTCA-1,0.19760887,-1.6890575
AGGGAGTCAATGGTCT-1,-4.8268676,1.7550197
AGGGAGTCACGTCAGC-1,1.378335,1.8304331
AGGGAGTGTTGAGTTC-1,-4.8248696,-4.924601
AGGGATGAGCTGGAAC-1,-7.5897284,1.1660333
AGGGATGGTCGAGTTT-1,-4.0405087,2.0798924
AGGGATGGTCGCATAT-1,5.8664927,-0.815944
AGGGATGTCACCAGGC-1,3.9730122,1.303402
AGGGATGTCCCTTGCA-1,-4.3209286,-0.04746411
AGGGATGTCTTGAGAC-1,1.5156988,1.4486451
AGGGTGAAGGACAGCT-1,-2.850924,0.2048519
AGGGTGAGTACAGCAG-1,-0.7744861,2.7878015
AGGGTGAGTCTCATCC-1,0.06491601,2.8697312
AGGGTGAGTGCAGACA-1,3.3449614,0.91484314
AGGGTGATCACAATGC-1,3.8167617,-1.1183813
AGGGTGATCCTATGTT-1,-4.289155,-4.6223006
AGGTCATCAAGTAATG-1,3.1796508,-1.1593666
AGGTCATCATGGTAGG-1,0.13486457,-2.5663064
AGGTCATGTTTGGCGC-1,2.5800645,0.69485706
AGGTCATTCTGGAGCC-1,3.6575398,1.0294703
AGGTCCGAGGCATTGG-1,-7.750027,0.9889338
AGGTCCGCATGGTTGT-1,-3.8045573,0.64774793
AGGTCCGGTCAACATC-1,-0.5463394,-2.45937
AGTAGTCAGACTAGAT-1,2.8027394,2.375442
AGTAGTCAGTCCATAC-1,3.6883388,0.44156262
AGTAGTCTCCATGCTC-1,-8.00105,1.066515
AGTCTTTAGTTGAGAT-1,0.24723981,-1.0212201
AGTCTTTGTTTGGCGC-1,2.4020185,-1.1572853
AGTCTTTTCCTTGCCA-1,3.7326133,-0.3943251
AGTGAGGAGATGTGTA-1,1.928253,-1.5921824
AGTGAGGAGGAGCGTT-1,4.5752296,-1.4654813
AGTGAGGCACCACGTG-1,-2.8947928,-0.6108808
AGTGAGGGTTCGTGAT-1,-5.1476073,-4.330734
AGTGAGGTCCACGAAT-1,2.4860234,-1.0022928
AGTGGGAAGAGATGAG-1,3.997997,-0.78567123
AGTGGGATCATCGATG-1,-5.578828,1.0971134
AGTGTCAAGTGGGTTG-1,-7.293193,0.5885726
AGTGTCAAGTTAACGA-1,0.46522215,0.25600007
AGTGTCACACGAGGTA-1,4.554117,0.6058079
AGTGTCAGTTCGTGAT-1,-7.7769375,1.5641055
AGTGTCAGTTGGTAAA-1,-2.6903758,0.077894084
AGTGTCATCTTGCATT-1,4.170376,2.053984
AGTTGGTAGCGTCTAT-1,5.101041,-0.28008008
AGTTGGTCATCCAACA-1,-8.02444,-0.3613058
AGTTGGTGTTTCGCTC-1,-5.053396,-4.8270183
ATAACGCGTAAACACA-1,-5.363616,1.2509854
ATAACGCGTTGTTTGG-1,1.3284777,0.9677924
ATAGACCCAGCGTCCA-1,-4.229196,-4.5829477
ATAGACCTCGTTTGCC-1,2.2718506,-0.189186
ATAGACCTCTTTAGGG-1,0.2793176,-1.4257894
ATCACGAAGATGTCGG-1,-5.453634,-4.4081807
ATCACGAAGGCGTACA-1,3.02401,0.41785994
ATCACGAGTGCTTCTC-1,1.320627,-0.7088444
ATCATCTTCACGAAGG-1,2.6773753,2.6715496
ATCATGGGTTGCGTTA-1,1.7651279,0.5849868
ATCCACCAGTTGTCGT-1,0.5833851,2.5740764
ATCCGAAAGTGGCACA-1,0.44160396,1.0175936
ATCCGAAGTGCACTTA-1,-8.182817,-0.24319828
ATCGAGTAGTTAAGTG-1,-8.318478,0.9253416
ATCGAGTCAGCTCGCA-1,-4.8680577,-4.8813004
ATCTACTCACATCCAA-1,-6.271585,-1.156067
ATCTACTCACGGCCAT-1,-5.282193,-0.7067368
ATCTACTTCATGTCTT-1,-7.7922072,-0.7260553
ATCTACTTCTGCCAGG-1,-0.70388836,0.24651287
ATCTGCCAGTACGATA-1,1.7285092,-1.9928421
ATCTGCCGTCAAACTC-1,-4.4976892,-1.7875926
ATCTGCCTCCTTTCGG-1,0.86434066,0.2060465
ATGAGGGTCAGTCCCT-1,4.3409452,1.9894392
ATGCGATGTGACGGTA-1,3.801955,-1.5028692
ATGCGATTCAACCATG-1,-0.030635474,-1.3872781
ATGGGAGAGGTGATTA-1,2.4997866,-1.7346495
ATGGGAGAGTGTCCCG-1,6.022716,-0.6268642
ATGGGAGCACCTGGTG-1,-4.851885,-4.97904
ATTACTCAGCGATTCT-1,-0.22443514,-1.3748666
ATTACTCAGCGGATCA-1,-6.4254055,-0.80998397
ATTACTCTCCCAAGTA-1,-4.1742764,-4.6211596
ATTCTACAGGCAAAGA-1,-4.689102,1.1596137
ATTCTACCAAACGCGA-1,-2.2317288,-1.842168
ATTGGACAGGAGCGAG-1,4.6800265,0.6592979
ATTGGACGTCTAAAGA-1,-5.3145075,1.1055045
ATTGGACGTGAGCGAT-1,1.643572,0.881712
ATTGGACGTTTGGCGC-1,-6.0117373,0.7220135
ATTGGTGAGAAACCAT-1,-4.1485753,1.9345499
ATTTCTGTCGTCCAGG-1,5.523154,-0.42981303
ATTTCTGTCTGCAGTA-1,-0.3357334,-0.6872129
CAACCAAAGAACAATC-1,1.5876579,0.8596321
CAACCAAAGCAGATCG-1,2.3527308,-1.7331445
CAACCTCAGAAGGTGA-1,-8.206013,-0.39126965
CAACCTCAGTGGAGAA-1,1.2704802,2.2295969
CAACCTCCAGTTAACC-1,-0.8761898,-0.430666
CAACCTCGTCTCACCT-1,-4.52385,-1.5520961
CAACCTCGTGGTCTCG-1,-4.9416904,-0.25955054
CAACTAGAGGTGCAAC-1,2.2905693,2.2425663
CAACTAGTCGTTTAGG-1,4.673329,-0.8980229
CAAGAAAAGTCACGCC-1,5.114881,-0.843166
CAAGAAACAACTGCTA-1,3.4503603,-0.3418668
CAAGAAAGTTACCAGT-1,3.68642,-0.5930351
CAAGATCAGTGCAAGC-1,1.2590488,-1.1931635
CAAGATCGTGGCTCCA-1,-7.615527,-0.49843514
CAAGATCTCACAAACC-1,2.780665,-0.94637555
CAAGGCCCATCACCCT-1,-4.378037,1.6867536
CAAGGCCTCTAGCACA-1,-4.057457,-4.553886
CAAGTTGGTACAGTTC-1,2.5128539,0.28179443
CAAGTTGGTTAGGGTG-1,-7.2428784,0.8815304
CACAAACCAAACTGCT-1,-0.14896013,-0.54975677
CACAAACCAGCTCCGA-1,2.1158903,-1.2064528
CACACAATCTCTTATG-1,0.3131873,0.8131256
CACACCTCACTAGTAC-1,-4.101321,-1.7652801
CACACCTGTATATGAG-1,0.46741518,2.584566
CACACCTGTCATGCCG-1,0.3796554,-0.9074796
CACACTCGTAGCGTCC-1,4.69212,1.5944881
CACACTCGTTATCGGT-1,0.54713917,-2.204416
CACACTCGTTCGCGAC-1,-5.2880425,-0.69303226
CACACTCGTTCGGCAC-1,-7.388963,0.18604524
CACAGGCAGAAAGTGG-1,1.1224426,-1.1703873
CACAGGCAGTGCGATG-1,-0.2423952,2.733911
CACAGGCGTGTGCCTG-1,3.2300735,0.3823859
CACAGGCTCCGCGGTA-1,0.39863083,1.6271676
CACATAGTCCCAACGG-1,-0.3387939,-0.4037841
CACATTTTCCCTAATT-1,2.8682814,-0.89578164
CACCACTAGAAACGAG-1,-5.5067043,0.14386733
CACCACTAGAACTGTA-1,-0.3853395,0.24557476
CACCACTTCACTCCTG-1,-0.15740284,-1.6052417
CACCACTTCTCTGCTG-1,-1.0077785,-0.91129726
CACCAGGCACGCCAGT-1,-1.351552,1.023391
CACCAGGTCTCGGACG-1,-6.435611,-0.8117615
CACCTTGCACGACGAA-1,-0.8899664,1.2984096
CACCTTGCAGGTCGTC-1,-4.5200796,-3.9117074
CACCTTGGTGCACTTA-1,-0.67695844,-2.1543136
CACTCCAAGTCGAGTG-1,5.161819,-1.2897611
CACTCCATCATGTCTT-1,-4.4930925,-3.3825355
CAGAATCGTTACGCGC-1,1.531345,-2.414927
CAGAGAGAGTGTTGAA-1,-8.024822,1.3061068
CAGCAGCGTGAAAGAG-1,5.109386,0.030107263
CAGCAGCTCGCGGATC-1,2.5513973,-0.09981206
CAGCATACACGCTTTC-1,-7.51794,-0.73938876
CAGCATAGTAAGTTCC-1,-8.036689,0.29266942
CAGCATAGTCAGAAGC-1,1.1134868,-1.1454548
CAGCATATCTTCAACT-1,-0.24946505,-1.6958131
CAGCCGAAGAGTACCG-1,2.5241208,-2.1706927
CAGCCGACACGAAGCA-1,-5.579232,1.3362672
CAGCCGAGTCTTCAAG-1,0.35017538,2.6906188
CAGCCGATCGCACTCT-1,1.5366149,0.9625844
CAGCGACAGGGTGTTG-1,-0.61455196,1.1792198
CAGCGACTCGAACGGA-1,0.10390571,0.07046441
CAGCTAAAGCTAGCCC-1,-3.5550733,1.7986186
CAGCTAACACTGCCAG-1,1.5296924,-0.9799571
CAGCTAAGTAAACGCG-1,3.5759046,-1.4552352
CAGCTAAGTGCAGTAG-1,-4.0308185,-3.446624
CAGCTAATCGTTACGA-1,-7.9316735,0.08770547
CAGCTGGGTGTAACGG-1,-5.155392,-0.31049755
CAGCTGGTCGTACGGC-1,4.492515,0.78480345
CAGGTGCCAGTCGATT-1,3.343114,-1.870859
CAGGTGCCATTTCACT-1,0.055685405,-0.15353417
CAGTAACAGAGGTACC-1,4.2467175,-0.2613005
CAGTCCTCACTGCCAG-1,0.1591322,2.2252352
CATATGGAGTATTGGA-1,4.3034377,1.9504396
CATATGGCAAGCCTAT-1,3.6108394,2.2223554
CATATGGCACGCTTTC-1,1.5823592,-2.1471207
CATATGGTCCACGTGG-1,-5.5669136,-0.3697232
CATATGGTCCTTTCTC-1,1.9275914,-2.306265
CATATGGTCTGAGTGT-1,-7.751366,-0.35194364
CATATTCAGCCCAATT-1,-4.4979906,1.4942255
CATATTCTCCTGCCAT-1,-3.0696335,0.25580284
CATCAAGAGGCGACAT-1,0.4587183,2.201045
CATCAAGTCATGCTCC-1,-0.7186066,1.2451798
CATCAGACACCGAAAG-1,3.0066414,2.3723269
CATCAGAGTCAGCTAT-1,-0.9128419,-0.6565655
CATCAGATCCCAAGTA-1,-5.5700254,-0.46221766
CATCGAAGTTACGCGC-1,2.8409026,0.7903944
CATCGAATCTCGCATC-1,1.7022817,-0.21712214
CATCGGGCAACACCTA-1,3.885531,2.3054657
CATCGGGCAAGTAGTA-1,2.741171,2.8670902
CATCGGGGTCTCTCTG-1,2.7704163,2.1177173
CATGACATCCGATATG-1,-0.539191,-0.038562495
CATGCCTAGTGTGGCA-1,-4.35315,0.25131744
CATGCCTCATAAAGGT-1,-5.926912,0.73988605
CATGCCTTCAGCACAT-1,-0.64196813,-1.0975662
CATGGCGAGTCGTACT-1,-3.8394887,-3.6916184
CATGGCGTCAATCTCT-1,-5.4433117,-4.704081
CATTATCCACGGTAAG-1,2.4133558,2.5174997
CATTATCCATGGATGG-1,-6.411874,0.7671054
CATTATCGTTCCCGAG-1,1.3594984,0.89779544
CATTATCTCTGAGTGT-1,1.9341594,0.75134546
CATTCGCGTCCAGTAT-1,-5.315328,1.1357744
CATTCGCGTTAAAGTG-1,-4.404196,-0.15008257
CATTCGCTCAATCTCT-1,-1.7967659,-1.1036828
CATTCGCTCCCTAACC-1,3.8413672,-0.20776118
CCAATCCCACAGGAGT-1,5.666873,-0.9740893
CCAATCCCAGCCACCA-1,2.04004,-2.2849903
CCAATCCCAGGTGCCT-1,3.4835198,-1.2544224
CCAATCCTCATGCATG-1,-5.5117583,0.35127085
CCACCTAAGCATCATC-1,-1.0223159,0.95604926
CCACCTACATTAGCCA-1,-0.4884485,-2.0732582
CCACCTAGTGGTAACG-1,2.3871202,-2.7741349
CCACCTAGTTAAGATG-1,-1.0874885,-0.25015062
CCACGGATCATTGCGA-1,0.4691367,-1.2042954
CCACTACAGCTGCAAG-1,-7.883246,-0.66394997
CCACTACTCAGGTTCA-1,0.879911,-0.8770011
CCAGCGACATGTAGTC-1,-7.851755,1.3732876
CCATGTCAGCGTTCCG-1,-7.6053066,-0.29568034
CCATGTCCAGACGCCT-1,-4.9047394,-4.1719027
CCATGTCGTGAGGGTT-1,3.5915122,-2.0823855
CCCAATCCAAACTGTC-1,1.8299855,-0.5706338
CCCAATCCACCGTTGG-1,0.7926823,2.613816
CCCAGTTGTACAGTGG-1,-4.207527,-3.1199846
CCCATACTCCCAGGTG-1,-3.888405,1.9887334
CCCTCCTAGATAGGAG-1,-4.7696586,-1.5811335
CCCTCCTCAGCTGTGC-1,-1.45163,0.72116226
CCGGGATCAAACCCAT-1,4.543507,-0.26341143
CCGGTAGAGTTACCCA-1,-5.265317,-4.322248
CCGGTAGCACCAGATT-1,1.4823077,-1.9574014
CCGGTAGGTAGCGTGA-1,-1.3026892,0.9574349
CCGGTAGGTATCTGCA-1,2.0152605,-1.7835319
CCGGTAGGTGGGTCAA-1,0.5773592,1.2988931
CCGTACTGTTGACGTT-1,-0.43982437,2.342164
CCGTGGAGTCAAACTC-1,3.8560603,1.5920279
CCGTGGAGTTAGATGA-1,-4.957519,1.5275397
CCGTTCAAGAAAGTGG-1,4.201798,-1.301349
CCGTTCAAGAGCTATA-1,0.21822806,-1.3697153
CCGTTCATCAGAGACG-1,2.100772,1.2501748
CCTACACAGAATTGTG-1,-4.828791,0.66329604
CCTACACAGGCGTACA-1,-4.816525,-3.7338576
CCTACACCAGTCTTCC-1,-0.46244007,-1.3230138
CCTACACGTCAAAGAT-1,2.2018821,-2.0470812
CCTACACTCACAGGCC-1,-5.752923,-0.11630555
CCTACACTCCCGACTT-1,-5.9251947,-0.7983419
CCTACCAAGAATTCCC-1,-8.196029,0.4089354
CCTACCAAGACTGGGT-1,-4.976964,1.6448715
CCTACCAAGAGAGCTC-1,-0.18148045,2.2037523
CCTACCAGTAGCGTCC-1,2.1175086,-0.10877693
CCTACCAGTTTGACTG-1,1.3035002,0.47328854
CCTAGCTAGCTGTCTA-1,2.6847632,-1.6094297
CCTAGCTGTAAAGTCA-1,-1.3409132,-1.1036427
CCTAGCTGTACGACCC-1,2.693052,1.7962797
CCTAGCTGTGTGTGCC-1,-4.488913,1.4527589
CCTATTACAATCACAC-1,-2.8013792,-0.12729405
CCTATTAGTACGAAAT-1,5.857206,-0.6648325
CCTATTAGTGCTGTAT-1,4.9212656,-1.2415919
CCTATTATCCATGCTC-1,-5.722969,-0.78289086
CCTCAGTAGAAAGTGG-1,3.466217,-0.4881258
CCTCAGTAGATCACGG-1,-1.4463763,-0.79627657
CCTCAGTAGCGTAATA-1,-0.550036,1.8239892
CCTCAGTAGGTGACCA-1,-0.11059337,-1.8702569
CCTCAGTAGTATTGGA-1,-6.376865,1.0643595
CCTCAGTCACGAGGTA-1,-6.9792485,-0.6198966
CCTCTGAGTCGAGTTT-1,3.317807,-1.1147242
CCTCTGATCTCTTATG-1,-1.4214437,0.0069241384
CCTTACGCACTGAAGG-1,-5.2651453,-4.694862
CCTTACGTCACCGGGT-1,-4.229533,-4.745512
CCTTCCCGTGCGATAG-1,-3.8114188,-4.5518456
CCTTCCCTCAGCACAT-1,-1.4294509,0.7197279
CCTTCCCTCATAACCG-1,-1.5692272,0.30789715
CCTTTCTAGATATGCA-1,-0.94168603,-0.81804836
CCTTTCTCAAGTAGTA-1,-5.579586,-0.65059406
CCTTTCTTCAAGGCTT-1,-1.1150907,1.0500402
CCTTTCTTCAATCTCT-1,-1.0718734,-1.5181108
CGAACATAGTGGTCCC-1,2.4209397,-1.2526518
CGAATGTGTGAAAGAG-1,-4.738314,-2.855907
CGAATGTTCTCGAGTA-1,-4.7169676,-0.241299
CGACCTTCAAGCGCTC-1,4.021304,2.410428
CGACCTTCACTGTGTA-1,1.3685577,-2.1799889
CGACCTTTCGTAGGAG-1,-0.71865016,0.60748404
CGACTTCGTAGATTAG-1,3.2608657,-2.262119
CGACTTCTCTGTCTCG-1,0.00033697046,-2.0364416
CGAGAAGGTCTAGTCA-1,-4.633046,1.5377576
CGAGCACAGTGTGGCA-1,-0.67504513,-1.3422202
CGAGCACCAAGAAAGG-1,4.3680243,-1.3868097
CGAGCCAAGTCAAGGC-1,-7.8360615,0.3780226
CGAGCCAGTTAGATGA-1,2.0616767,-2.7262182
CGATCGGCAGTCACTA-1,2.6871948,-2.060302
CGATCGGTCCACGTGG-1,1.0144355,2.021667
CGATGGCCAGCTATTG-1,0.896971,2.8052142
CGATGTAGTAAGAGAG-1,-8.265081,1.2778125
CGATTGAAGAGGTTGC-1,1.6605301,-1.6523117
CGATTGAAGTTAGCGG-1,2.159751,-2.2527375
CGATTGACAATCACAC-1,-6.6810255,-1.0952034
CGCCAAGAGTGGCACA-1,3.7667422,1.0027423
CGCCAAGAGTTATCGC-1,-5.268547,-4.506154
CGCCAAGCACATTAGC-1,1.7048929,1.3051558
CGCCAAGCACTTACGA-1,-8.291641,0.18562023
CGCCAAGGTAGGAGTC-1,3.3362095,0.5373744
CGCCAAGGTAGGCTGA-1,-4.2037477,-4.38212
CGCGGTAGTAGCACGA-1,2.3289578,-2.6504948
CGCGGTATCACCACCT-1,2.1843748,2.0813558
CGCGTTTTCAAGGTAA-1,-4.393279,1.763797
CGCGTTTTCCTGCCAT-1,-4.013717,-3.541686
CGCGTTTTCTCGAGTA-1,3.6653695,2.4965007
CGCTATCAGAAGGCCT-1,4.1756535,-0.42219648
CGCTATCCAGTCACTA-1,3.9690318,1.9232289
CGCTGGAAGGATGCGT-1,2.0099986,-0.94917655
CGCTGGAAGGGAACGG-1,4.2050695,1.5804676
CGCTGGAGTAATAGCA-1,-5.4344234,-0.53791016
CGCTGGAGTCCCGACA-1,-4.6705537,1.9431494
CGCTTCACAAGCTGGA-1,1.4689115,-2.0888329
CGCTTCACAAGTAATG-1,3.3779764,-0.9360739
CGCTTCAGTAATCGTC-1,1.1890442,-1.5320063
CGCTTCATCAGAGCTT-1,-2.5357459,-0.5719576
CGGACACCACGCGAAA-1,-5.2775307,-4.290386
CGGACACTCTCGCATC-1,4.0775423,2.153139
CGGACTGAGAAAGTGG-1,-4.340094,-3.5814404
CGGACTGAGCTCAACT-1,0.49125555,-0.53591615
CGGACTGGTACGACCC-1,0.6650884,1.2079852
CGGACTGGTGATGCCC-1,4.083849,-0.35456243
CGGAGCTAGCACCGCT-1,3.1883004,2.5026007
CGGAGCTAGCTCCTCT-1,1.1039073,2.4918356
CGGAGCTGTCGGCTCA-1,4.759014,1.541437
CGGAGCTGTCTTCTCG-1,-5.969076,-0.8568153
CGGAGCTGTGCAGTAG-1,-4.695279,1.7393696
CGGAGTCAGTTTCCTT-1,-0.12968437,2.6427176
CGGCTAGGTCTAAAGA-1,-4.5939794,0.9942074
CGGCTAGGTGATAAGT-1,1.1122743,2.3456295
CGGCTAGTCACCCGAG-1,1.6783226,1.8913249
CGGGTCACAACCGCCA-1,0.5117475,0.16770889
CGGGTCACAAGCTGGA-1,4.701989,0.63751584
CGGGTCACACCCATTC-1,4.0490675,1.8226559
CGGGTCACAGCCTTGG-1,-1.13499,0.79564095
CGGGTCATCTGCGGCA-1,-5.34216,0.8048121
CGGTTAAAGCAGATCG-1,3.0811973,-1.6773587
CGGTTAACAAGACGTG-1,-4.2566814,-3.6744657
CGGTTAAGTTCGTTGA-1,0.8078361,1.4141278
CGGTTAATCAGCCTAA-1,1.5071927,-1.5772157
CGTAGCGAGAGTACCG-1,3.7021875,0.5518387
CGTAGCGCAACTTGAC-1,-8.269907,-0.18539727
CGTAGGCAGGGCACTA-1,4.898474,-0.91239554
CGTAGGCCACAAGCCC-1,4.8094964,0.4655593
CGTAGGCTCACGATGT-1,0.18164054,-0.9076975
CGTCACTCAGATCCAT-1,2.7583919,-1.6414727
CGTCAGGAGTAGGCCA-1,-4.3989625,0.9120816
CGTCAGGGTGAGCGAT-1,5.9548116,-0.8488791
CGTCAGGGTGGTTTCA-1,-0.0748731,1.4498773
CGTCCATAGTGCGTGA-1,3.8820057,0.38048372
CGTCCATCATGGAATA-1,3.8921468,1.8462585
CGTCCATGTAAGAGGA-1,-6.030627,-0.10139003
CGTCCATTCGGAGGTA-1,1.5752219,0.4383361
CGTGAGCAGACACTAA-1,4.550105,-0.026037183
CGTGAGCGTGGCTCCA-1,-4.0066333,1.9408156
CGTGTAATCAATCTCT-1,-7.0135045,1.4736053
CGTGTCTGTCACTTCC-1,4.0421968,-1.1915447
CGTGTCTGTGATGCCC-1,-4.8779845,-4.223105
CGTGTCTGTTCACCTC-1,3.874403,2.2175767
CGTGTCTTCATCGCTC-1,-5.37688,-4.774239
CGTGTCTTCTAACCGA-1,4.8777595,0.07598041
CGTTAGAGTCAGGACA-1,-8.206647,0.7287841
CGTTAGATCCACGTGG-1,-8.450993,-0.013910525
CGTTCTGAGGCAAAGA-1,1.1285865,3.2552302
CGTTCTGAGGCATGTG-1,4.5908012,0.81417453
CGTTCTGCAGCTCGAC-1,1.0638944,-2.7766042
CGTTCTGTCTACCAGA-1,4.360564,-1.5127076
CGTTGGGAGAGTCTGG-1,2.2457674,-0.088972524
CGTTGGGGTCTCTTTA-1,0.03689655,-0.069636546
CTAACTTAGCGATGAC-1,-5.4486723,0.15286946
CTAACTTAGGTGACCA-1,-4.7203207,-4.038425
CTAACTTGTCAGAGGT-1,3.351629,-1.3086742
CTAATGGAGAAGGGTA-1,2.6251523,0.7320963
CTAATGGAGATGTCGG-1,-5.6794333,0.88536537
CTAATGGTCTGCGTAA-1,-1.4042927,0.7810994
CTACACCGTCAACTGT-1,-1.2374233,-0.12733349
CTACATTCAAAGTCAA-1,-0.49782515,-0.33233404
CTACCCACACCTGGTG-1,-8.260861,-0.20047791
CTACCCAGTAGCGTGA-1,1.9162564,0.5123014
CTACCCAGTTTGACAC-1,-5.2537355,-4.77926
CTACGTCGTCTCTCTG-1,-6.2752924,-0.5154369
CTAGAGTGTACGACCC-1,4.7587423,1.6082143
CTAGCCTCAAATCCGT-1,-5.430907,-0.026713641
CTAGCCTGTAGAGGAA-1,2.6061945,1.2612375
CTAGTGATCGGCCGAT-1,2.6168537,2.5130627
CTAGTGATCTCTGTCG-1,-7.9926577,-0.06129051
CTCACACCAATGTAAG-1,-1.1797656,-1.2683487
CTCACACCAGCTCGCA-1,-0.79060996,1.2950321
CTCATTACACCGGAAA-1,3.6230798,-1.7018145
CTCATTAGTAACGCGA-1,5.514725,-0.9015332
CTCCTAGAGTATTGGA-1,-0.9315268,-0.011333427
CTCCTAGTCGGCATCG-1,-6.1536345,0.18962632
CTCGAAAAGTTTAGGA-1,0.20807861,-1.3141361
CTCGAAAGTATGAATG-1,2.183733,1.4835963
CTCGAGGGTACAGCAG-1,-4.8653946,1.2947786
CTCGGAGAGCTAGTTC-1,3.9161355,2.2479577
CTCGGGAAGCCCGAAA-1,-4.8465934,-4.9435267
CTCGGGACACGGCTAC-1,1.9427819,-0.7129174
CTCGGGACATATGCTG-1,3.5848553,-1.1243203
CTCGGGAGTGCCTGCA-1,5.8444667,-0.7736933
CTCGGGAGTGTCTGAT-1,5.2484074,0.21919468
CTCGTACCATTGCGGC-1,2.2236142,1.2315502
CTCGTCATCATACGGT-1,-8.363558,0.25355658
CTCTAATAGACCTAGG-1,-8.394944,0.57958496
CTCTAATCAGGGTTAG-1,1.1472766,-0.76531667
CTCTACGCACCAACCG-1,1.3864384,0.53370017
CTCTGGTGTCATGCAT-1,0.67304546,-1.2641225
CTCTGGTTCTGCTTGC-1,-1.5155747,0.44743007
CTGAAGTGTGCCTGGT-1,3.5123162,0.36041722
CTGAAGTGTTGTTTGG-1,-4.9518785,-4.843475
CTGAAGTTCACCACCT-1,0.39648354,-2.6182284
CTGAAGTTCTACCAGA-1,4.8737087,0.1608532
CTGATAGGTTCGTTGA-1,0.014260871,-2.191149
CTGATCCCACAGCGTC-1,-8.095019,1.3105475
CTGATCCCACCCTATC-1,3.5154538,1.6706903
CTGATCCCACGAAAGC-1,0.52697814,1.2534686
CTGATCCCACTGTTAG-1,-4.966169,0.6369338
CTGATCCCATCCGTGG-1,1.4363335,-1.6223099
CTGATCCTCTTTAGTC-1,2.7609582,-0.10384924
CTGCCTAAGTCATCCA-1,-0.1930561,2.7835817
CTGCGGAAGCGTAATA-1,-7.347985,-0.2477952
CTGCGGAAGTTCCACA-1,-3.559651,1.099479
CTGCGGACAGTGACAG-1,-8.179418,0.37295204
CTGCGGAGTTCCTCCA-1,-7.921533,1.370956
CTGCTGTGTATTCGTG-1,-0.3271416,-2.4578183
CTGCTGTGTCCAACTA-1,-1.054041,0.46122432
CTGCTGTTCAAGATCC-1,-0.89134663,0.68875253
CTGCTGTTCGTATCAG-1,-5.7981257,-0.9544727
CTGCTGTTCTGAGTGT-1,2.6236699,-1.5241587
CTGGTCTAGCTTCGCG-1,-0.47022545,-0.92253935
CTGTGCTAGCGCCTTG-1,0.83083314,1.3651333
CTGTGCTGTAGCGTGA-1,1.6995258,-0.52209324
CTGTGCTGTGCACTTA-1,-0.870134,-1.9070907
CTGTTTAAGGGATCTG-1,-7.6332955,1.7409085
CTTAACTCAATGGATA-1,-5.3638487,-0.8421649
CTTACCGGTCAGCTAT-1,-0.5454898,0.70772517
CTTAGGACATAGGATA-1,4.1926975,0.29755136
CTTAGGATCATCACCC-1,5.7138705,-0.9711487
CTTAGGATCCATGAGT-1,3.7429042,-2.0236933
CTTCTCTGTTTGGCGC-1,-0.68500555,2.238506
CTTGGCTTCGCCAAAT-1,-1.2135595,0.34617713
CTTTGCGCACTGTGTA-1,-0.52629966,0.95327365
CTTTGCGTCGGATGTT-1,2.0484395,0.7812192
GAAACTCAGCTCCTCT-1,-0.31778723,0.31932294
GAAACTCGTACCATCA-1,-5.432278,0.9214295
GAAACTCTCACCCTCA-1,5.463581,-0.21813393
GAAATGAAGAATTCCC-1,0.1720454,2.767428
GAAATGAAGAGACTTA-1,-6.1187882,0.59621656
GAAATGATCGGAGGTA-1,3.649856,0.26305932
GAACATCGTGCCTGTG-1,-7.981466,0.91689646
GAACATCTCCGTTGCT-1,-0.022107162,0.3458029
GAACCTAGTAGCGTCC-1,-3.332609,0.6414788
GAACCTATCAAAGACA-1,-3.8292046,-0.006260941
GAACGGAAGCACGCCT-1,-3.9797683,1.5768517
GAAGCAGCAAGCCATT-1,0.4691783,0.88471514
GAAGCAGGTAAATACG-1,-6.774967,0.9875319
GAAGCAGGTCAAAGCG-1,3.1158087,-0.21564253
GAAGCAGTCCGATATG-1,1.2047982,1.9185213
GAATAAGAGAATAGGG-1,3.8200023,2.3198438
GAATGAATCAATAAGG-1,3.5063796,-0.7358841
GACACGCAGCCACCTG-1,-7.9016685,0.85401547
GACACGCGTCCAAGTT-1,2.9735456,-1.2159468
GACACGCGTTTAGGAA-1,-7.8655033,0.75858575
GACAGAGCATCCGCGA-1,-6.158751,0.16497268
GACAGAGGTGCGGTAA-1,2.3180764,1.0064957
GACCTGGCAATTGCTG-1,-0.08739636,1.983631
GACGCGTAGCCAACAG-1,-7.835374,1.608769
GACGCGTTCACGCGGT-1,-3.931113,-4.6751885
GACGGCTCAAAGCGGT-1,3.2492294,-0.03640978
GACGGCTGTTGATTCG-1,3.0346973,-0.31796622
GACGGCTTCCTGCTTG-1,-7.3286047,1.4702057
GACGTGCGTAAACGCG-1,4.7664137,-0.8277708
GACGTGCGTCACCTAA-1,1.3687165,2.437133
GACGTTAAGGCTCTTA-1,1.6400317,0.058152296
GACGTTAAGGTGTGGT-1,0.912079,2.675284
GACGTTAAGTGTTGAA-1,0.021179877,2.3314066
GACGTTACAGTCTTCC-1,1.1663922,1.285929
GACGTTAGTACCAGTT-1,1.1628546,1.1068496
GACGTTAGTTGTGGCC-1,2.3575335,-0.06342404
GACGTTATCTCCCTGA-1,1.8459691,1.7074672
GACTAACAGCGCTTAT-1,0.74711096,-0.08862699
GACTACATCACCTTAT-1,1.1135832,-2.3103254
GACTGCGGTGAGGCTA-1,-4.8746204,-3.444443
GACTGCGTCTGCTGCT-1,1.6154697,1.1214616
GAGCAGAGTTCCTCCA-1,3.0380168,1.1411752
GAGGTGAAGCGTTGCC-1,-2.9205678,0.18053971
GAGGTGAGTTATCACG-1,-7.7611303,1.6151575
GAGTCCGAGGACGAAA-1,1.0232089,0.44653338
GAGTCCGTCGCCTGTT-1,2.2024367,-2.294757
GATCAGTAGACTGTAA-1,0.9110505,1.963306
GATCAGTGTAAGTGTA-1,4.1696143,-0.7463458
GATCAGTGTATTACCG-1,0.97040486,1.7491058
GATCAGTTCATCACCC-1,-3.520925,-3.5462291
GATCGATAGAATTGTG-1,1.6418372,2.1599534
GATCGATAGACCGGAT-1,1.9513834,-0.12702926
GATCGATAGACTTTCG-1,3.3959966,0.2664625
GATCGATTCTTGGGTA-1,4.254142,-1.0475734
GATCGCGGTCATTAGC-1,4.6000524,0.5738334
GATCGCGGTCTCCACT-1,-5.0801277,-2.7611067
GATCGTAAGCTACCTA-1,-7.686088,1.3532944
GATCGTAAGGGCTTCC-1,-7.8943367,1.3218825
GATCGTATCCAGAGGA-1,-3.656393,2.0081582
GATCTAGGTACTTCTT-1,1.6941515,-2.3717735
GATCTAGGTGTTGGGA-1,3.811299,0.17966077
GATGAAAGTTCGCGAC-1,2.2077909,1.1500393
GATGCTAAGCCAGAAC-1,-5.050329,-0.04139037
GATGCTAAGCTACCTA-1,-0.5938605,-1.9668882
GATGCTAGTGAACCTT-1,-2.5230572,1.051733
GATGCTATCTGGCGAC-1,1.8700666,2.1027842
GCAAACTGTAAGTGGC-1,-5.130031,1.4883227
GCAAACTGTTCCGGCA-1,-5.4142222,0.68494606
GCAATCAAGCCACTAT-1,2.1053,-1.9235568
GCAATCAGTCGACTGC-1,-3.9668262,1.8279041
GCAATCATCTGCTGCT-1,-0.34887472,1.0519484
GCACATACATCAGTAC-1,-0.64619446,-1.8712468
GCACATATCAGCATGT-1,1.0085088,-2.0981064
GCACTCTAGACGCAAC-1,1.4604982,-0.6520312
GCACTCTCACAACGCC-1,-4.9800873,-0.63663363
GCACTCTGTCCAACTA-1,2.0472002,-0.8689989
GCAGCCACAATGACCT-1,0.4494541,-2.2580469
GCAGCCAGTTCAGCGC-1,3.7984366,-1.646009
GCAGTTAAGCTCTCGG-1,-8.359316,0.64303774
GCAGTTAGTCTCTCGT-1,-6.0308514,-0.79314613
GCATACAAGGGTATCG-1,-5.361808,-4.4663253
GCATACAGTTCGGGCT-1,1.3074169,3.2542737
GCATGATCATCAGTCA-1,-4.5261707,-0.069844596
GCATGATGTGCCTGTG-1,2.5053284,-1.9778483
GCATGATTCTCATTCA-1,0.04735035,-2.4141512
GCATGCGAGCCCGAAA-1,5.174508,0.4708048
GCATGCGCATACTCTT-1,0.6390656,-0.6569252
GCATGCGCATGACGGA-1,5.2135625,-0.9012777
GCCAAATCAAACCTAC-1,1.8608178,-0.58210367
GCCAAATGTACACCGC-1,1.9766481,-1.3876406
GCCAAATGTGTTAAGA-1,1.1823654,-0.09558327
GCCTCTACAGACACTT-1,-0.30565634,-2.3684156
GCCTCTACATCACGTA-1,-4.6600575,-3.910902
GCGACCATCTCCTATA-1,4.0054326,-1.8761495
GCGAGAAAGGTGTTAA-1,1.5826848,-0.83755046
GCGAGAAAGTTAGGTA-1,4.44498,-0.06388923
GCGAGAACAAACCTAC-1,-0.75015575,1.1738417
GCGAGAACAGGGTACA-1,1.5476302,-1.9687214
GCGCAACAGGTGTGGT-1,0.12845317,1.9893763
GCGCAACTCCGCATCT-1,-7.188365,-0.52416223
GCGCAACTCTTTCCTC-1,-7.9305573,-0.29374337
GCGCCAAAGTATCGAA-1,-0.42684072,2.1672492
GCGCCAACATACAGCT-1,-4.8470945,-0.5846345
GCGCCAATCTGCGTAA-1,0.40837678,-1.9524072
GCGCGATGTCTAGCCG-1,4.261333,1.1368198
GCGCGATGTGTTAAGA-1,-7.5265236,1.1538037
GCGGGTTGTACAGTTC-1,-4.810959,1.7283224
GCTCCTAAGACTAAGT-1,0.10789674,-0.5801459
GCTCCTAGTCGGCACT-1,1.8774564,1.8461729
GCTCCTATCGGTTCGG-1,2.092188,-1.2539698
GCTCCTATCTCGTATT-1,-5.373616,0.073276855
GCTCTGTAGAACAACT-1,0.37746882,0.3812527
GCTCTGTTCACCCGAG-1,-5.424575,-0.89509207
GCTGCAGAGCACCGCT-1,-0.2290557,0.45223713
GCTGCAGCATCGATGT-1,-4.1938486,0.9137856
GCTGCAGGTCATGCAT-1,-5.874032,0.25896198
GCTGCAGGTTCGCTAA-1,-3.8153217,-3.913314
GCTGCAGTCGACGGAA-1,0.24695116,-0.22949448
GCTGCGAAGACAGAGA-1,-4.212214,1.8779109
GCTGCGACATTGGCGC-1,4.2756495,-0.7061627
GCTGCGATCAAGCCTA-1,-0.6883175,-0.37041435
GCTGCTTCACGTAAGG-1,-6.562235,-1.0766048
GCTGCTTCAGACAAGC-1,-0.82288575,1.7993009
GCTGCTTGTGCATCTA-1,-1.5269418,-0.9957666
GCTGCTTTCCTGTAGA-1,0.78754413,-1.4320269
GCTGCTTTCTACCAGA-1,-4.2144175,-1.4493034
GCTGGGTCAACGATGG-1,-4.638861,-1.658383
GCTGGGTCAGACACTT-1,-4.20057,-1.4387122
GCTTCCAAGGTAGCTG-1,-1.0699646,1.0858349
GCTTCCACAACGCACC-1,-0.28392875,2.0430899
GCTTCCACAATGGAAT-1,-0.878199,-1.9062629
GCTTCCACAGGGAGAG-1,-1.0866896,1.2902868
GCTTCCACATTTGCTT-1,-3.5640864,-3.7356005
GCTTCCAGTAATCACC-1,2.8830266,-2.5429912
GCTTCCAGTGAAAGAG-1,3.0687387,0.9713821
GCTTCCAGTTAAAGAC-1,-5.8082232,0.27163032
GCTTGAAAGACGCACA-1,1.2684121,1.2615284
GCTTGAACACCAGGCT-1,2.5824354,-0.8549703
GCTTGAACAGGGTACA-1,2.9199867,-1.557434
GCTTGAATCTCGAGTA-1,2.8532119,-0.05893369
GGAAAGCAGAGAACAG-1,2.4183486,-1.4756976
GGAAAGCAGTTAAGTG-1,-7.3308477,-0.00069941056
GGAAAGCCAATAACGA-1,4.434014,-0.5783485
GGAACTTGTAGCTCCG-1,4.5016365,-0.043170977
GGAACTTGTATATCCG-1,5.678651,-0.51284367
GGAACTTTCGTCCAGG-1,-4.659698,-0.042712774
GGAATAACATGCAACT-1,2.498469,-2.1625996
GGAATAATCAACACGT-1,-3.450387,-1.3727462
GGACAAGCATGGTCTA-1,3.7899306,-1.0523477
GGACAAGTCCACTCCA-1,-8.098302,1.5179747
GGACAGAAGCAATATG-1,-0.7350213,0.4823194
GGACAGACAGTATCTG-1,1.1480763,1.2694328
GGACAGAGTCGGCACT-1,2.3424118,2.3966687
GGACAGAGTTACAGAA-1,2.2121189,-1.2607596
GGACATTCAACTGGCC-1,2.8647768,-1.961858
GGACATTTCACATACG-1,-7.231082,-0.3096676
GGACATTTCGTAGATC-1,-2.4153981,0.1393474
GGACGTCAGCACACAG-1,-4.203423,-3.4685943
GGACGTCGTTATCACG-1,3.196356,0.25395998
GGATGTTAGGGTTCCC-1,2.5227733,0.4823732
GGATGTTAGTAGGTGC-1,-8.273101,0.46718806
GGATGTTCATGTCTCC-1,1.0653683,0.92504364
GGATTACCATCAGTCA-1,1.9865433,-1.3325821
GGATTACTCTGTCTCG-1,-8.010357,-0.5380845
GGCAATTAGGAGTAGA-1,-0.5663293,1.1116699
GGCCGATCAGGCTCAC-1,1.2561402,-0.3790107
GGCCGATGTGTAAGTA-1,2.1716235,-1.1391777
GGCGACTAGAGGTACC-1,2.5968783,-1.8656836
GGCGACTCACTGAAGG-1,-2.027853,0.9800283
GGCGACTGTTATCGGT-1,-0.7858163,0.41995844
GGCGTGTCAACTGCGC-1,3.3102767,2.6792414
GGCGTGTGTACAGACG-1,3.4861505,2.6887352
GGCTCGAAGCCAGTAG-1,2.2826135,-0.60631514
GGCTCGAGTTCCCTTG-1,4.433035,1.881652
GGCTCGATCCCGACTT-1,3.4601543,2.341081
GGGAATGAGGAGTACC-1,-3.9973712,-3.7804224
GGGAATGCAGTTCCCT-1,3.3895633,-0.41017604
GGGAATGGTCTGGTCG-1,-4.8736715,-5.000436
GGGAATGGTGGCTCCA-1,3.8428693,0.9154928
GGGACCTAGAAGGTGA-1,2.2601483,-2.096999
GGGACCTCAAACTGCT-1,-4.9627023,-4.1062765
GGGACCTTCGTAGGAG-1,-0.07632319,-0.93789095
GGGACCTTCTGCGGCA-1,-4.3101854,-3.1909804
GGGAGATAGGACAGAA-1,-4.2422466,0.4409286
GGGAGATTCGGCCGAT-1,1.8838971,-0.047879998
GGGATGAAGCTGTCTA-1,2.759626,1.2355059
GGGCACTTCTGGCGAC-1,1.6745614,1.4906942
GGGCATCTCAGCATGT-1,0.01880513,0.015318169
GGGTCTGAGGGCTCTC-1,-6.310201,-0.8720971
GGGTCTGGTCACAAGG-1,-4.0510645,-3.413211
GGGTTGCAGATGTTAG-1,0.6083638,-2.2872992
GGGTTGCAGTAGATGT-1,-4.3694067,0.2825589
GGGTTGCAGTCCCACG-1,-4.1932144,2.0544114
GGTGAAGAGAGAGCTC-1,-4.4532127,-1.886087
GGTGAAGGTTACGGAG-1,0.5417096,1.5685146
GGTGAAGTCCTTTCGG-1,0.87422067,1.2650155
GGTGTTAAGCGATGAC-1,-6.065868,-1.076773
GTAACGTCAAAGTCAA-1,-8.12874,1.117863
GTAACGTCAACTGCTA-1,-1.3612113,0.10372168
GTAACTGGTAAGGGCT-1,-3.244906,0.94770074
GTAACTGTCTGTACGA-1,-4.243825,-2.5185893
GTACTCCGTAGCTTGT-1,-0.7622116,0.56180704
GTACTCCGTCAGAGGT-1,-4.2561145,-4.2010884
GTACTTTTCGGCGCAT-1,-5.341853,-0.48851892
GTAGGCCTCAGAGCTT-1,2.0366352,0.6057172
GTAGTCAGTCAGAATA-1,-5.3536005,0.44948095
GTAGTCATCACTCCTG-1,-0.39293706,-0.75296026
GTATCTTAGTTGTAGA-1,-5.3262787,1.0421253
GTATCTTCATCGATGT-1,1.4467386,-2.4630864
GTATCTTGTTCGTCTC-1,-2.3924675,-1.2211714
GTATCTTTCTACTTAC-1,-0.036928136,1.5565279
GTATTCTAGATGCGAC-1,-1.9864699,0.80947644
GTATTCTGTAAGAGAG-1,4.962779,-0.14867109
GTATTCTGTTTAGCTG-1,-0.3423698,-2.0655577
GTCACAAAGTGGAGAA-1,1.8781632,-0.79962003
GTCACAACAACACCTA-1,-5.2237735,0.041034833
GTCACGGCACGAAGCA-1,-2.4381468,0.39133123
GTCACGGTCTGTCTCG-1,-7.9711375,-0.60937047
GTCATTTTCATGCAAC-1,-2.6598117,-0.24880086
GTCCTCACACAACGCC-1,0.66361696,-2.0613844
GTCCTCACACCCATTC-1,3.2399921,2.6359487
GTCCTCATCATGTGGT-1,0.36661065,-0.42357597
GTCGTAACAGGTTTCA-1,1.9903648,1.5714712
GTCGTAAGTGCCTGCA-1,3.2728877,2.3417485
GTCGTAAGTTCTGAAC-1,-3.765019,-4.305876
GTCTTCGAGAACAACT-1,1.8331198,-1.1173853
GTGAAGGAGTGACATA-1,3.370184,1.3515675
GTGAAGGCAATCACAC-1,4.317349,-0.8195827
GTGAAGGCACGGTAAG-1,-3.872102,-3.377672
GTGAAGGTCATCACCC-1,-1.3016092,0.9900291
GTGCAGCCAGCCTGTG-1,2.1319952,-0.39094698
GTGCAGCGTGAGGGTT-1,-3.0414066,0.46239778
GTGCATAAGACCACGA-1,1.3714006,1.8618493
GTGCATAAGCCAGAAC-1,0.16962442,0.41614613
GTGCATAAGTACACCT-1,3.2955275,-1.8505061
GTGCATACAAGGTTTC-1,-1.0158135,-0.6408253
GTGCATAGTCAGAGGT-1,0.8956747,1.3821307
GTGCATAGTGATGCCC-1,4.5106826,1.0074308
GTGCATATCGGACAAG-1,2.613523,0.5532098
GTGCGGTCACTTAAGC-1,2.8861845,-1.1308478
GTGCGGTCATAGAAAC-1,-3.4813101,-1.4591632
GTGCTTCAGGAACTGC-1,-0.71807516,-1.9284339
GTGCTTCGTCAACATC-1,-6.4082346,-1.1619102
GTGTGCGTCCCTTGCA-1,0.039273243,2.781197
GTGTTAGAGACTAGAT-1,2.6545324,0.10120001
GTGTTAGAGTAGGTGC-1,2.7305381,-1.124075
GTGTTAGGTCTCTTAT-1,1.2739254,0.92083776
GTGTTAGTCGAATCCA-1,5.814764,-0.38488406
GTTAAGCGTGAACCTT-1,3.489085,1.5209186
GTTAAGCTCAACGGCC-1,-4.323643,-3.3410113
GTTACAGCAGTTTACG-1,4.6471844,-0.10947201
GTTACAGTCCACTCCA-1,3.9833398,0.4586538
GTTCGGGCATCCGTGG-1,-8.095375,0.4476838
GTTCGGGTCGTCTGCT-1,-0.18874502,2.590897
GTTCTCGAGGACAGCT-1,-5.1843877,1.0698012
GTTCTCGAGGCCGAAT-1,-5.105466,-4.5426283
GTTTCTACACAGACTT-1,0.32158673,1.5715286
GTTTCTACAGTATAAG-1,-4.4178967,0.06857174
TAAACCGTCGCTTGTC-1,-3.4195766,0.8160937
TAAGAGAGTAAGTGGC-1,-5.3304806,1.3023034
TAAGAGAGTAATCACC-1,-0.19645996,1.8444488
TAAGAGATCCGTAGGC-1,3.4598715,1.9273322
TAAGAGATCCTAGAAC-1,-4.350887,-3.636161
TAAGCGTAGACTTTCG-1,1.9166749,0.23508418
TAAGCGTAGCTGTTCA-1,4.9149675,-1.0657693
TAAGCGTAGTTAAGTG-1,1.8696107,-0.24601588
TAAGCGTGTCGAGATG-1,3.1762931,0.9065183
TAAGTGCAGTGTACGG-1,1.0930035,-0.641811
TAAGTGCTCAGTCAGT-1,-3.925147,-4.067736
TAAGTGCTCATGTCCC-1,4.660107,1.4318415
TAAGTGCTCTGTCTCG-1,3.8475158,-0.0031971317
TAAGTGCTCTTTAGTC-1,4.563421,0.9591037
TACACGACACACCGAC-1,0.80322015,0.09682409
TACACGATCTACTTAC-1,0.60146964,-0.12679651
TACAGTGAGGAGTTGC-1,-7.971696,0.09636101
TACAGTGCAAGAGTCG-1,-4.824165,-4.9213448
TACAGTGGTACGACCC-1,3.3269572,0.1696398
TACAGTGTCTTTAGTC-1,2.853904,-0.8366273
TACCTATCAGCATACT-1,-8.1660185,-0.3961801
TACCTATCATTCGACA-1,1.2910548,-2.250558
TACCTATGTTCCACAA-1,2.8151808,0.80828124
TACCTATTCGAATGGG-1,2.8493726,1.6903847
TACCTTATCCACGTGG-1,0.55558556,2.0809019
TACCTTATCGCCCTTA-1,-3.3722413,1.7017896
TACGGATAGTCAAGGC-1,-4.941556,-4.0241284
TACGGATCACGTAAGG-1,-5.5713215,0.53195
TACGGATGTATGGTTC-1,-5.544148,0.5043118
TACGGATTCGCCAAAT-1,2.96811,-1.2061137
TACGGGCAGTCCATAC-1,2.4819055,0.43000808
TACGGGCCAACACCCG-1,-0.007455316,1.9622604
TACGGGCCAGATAATG-1,1.8345096,0.81048113
TACGGTAAGACAGGCT-1,-4.1741014,1.4139421
TACTCGCCACAACGTT-1,-8.018296,-0.58745605
TACTCGCGTTCTGGTA-1,3.0659525,2.5835683
TACTTACAGCGATATA-1,0.73436284,-0.11719383
TACTTACCATCGTCGG-1,2.2378511,0.30274975
TACTTACGTACTTAGC-1,0.6706353,-1.5046327
TACTTGTAGCTGAACG-1,-8.019997,1.1359638
TACTTGTCACATGACT-1,-7.9241886,-0.22202349
TAGACCATCAATACCG-1,-5.0097575,1.0696589
TAGAGCTAGTGGTCCC-1,4.711211,1.2700424
TAGAGCTAGTTAGGTA-1,5.4782295,-0.3486784
TAGAGCTCACCCATTC-1,-5.0157,-4.683022
TAGAGCTGTACGCACC-1,4.8286967,0.69036347
TAGAGCTTCCATGAGT-1,0.7983249,0.45540062
TAGAGCTTCGGCATCG-1,2.8337119,1.2668338
TAGCCGGAGCCTCGTG-1,4.9271436,1.091013
TAGCCGGAGGTTACCT-1,0.4585936,2.7594278
TAGCCGGAGTACGTTC-1,3.8128092,-0.27075684
TAGCCGGCACTTCTGC-1,-3.882746,-0.07693492
TAGCCGGGTAAGTAGT-1,-4.37893,-3.8218153
TAGCCGGTCTGTCCGT-1,-3.9801102,1.5696752
TAGGCATCAAGACACG-1,-1.3709058,-0.36727926
TAGGCATCACATCCAA-1,2.3408394,-1.8785127
TAGGCATTCAACGAAA-1,0.43076336,1.9512008
TAGTGGTAGAGCTGGT-1,1.149046,-2.0096564
TAGTGGTCACGACTCG-1,-8.070945,-0.111212574
TAGTGGTCAGCCTTGG-1,-3.241639,-1.3395206
TAGTGGTCATGTAGTC-1,-7.941388,1.6027125
TAGTTGGAGTACCGGA-1,0.2960325,-0.05742275
TAGTTGGCAATAAGCA-1,1.9901488,-0.62905204
TAGTTGGCACACATGT-1,-4.6685953,-0.16103598
TAGTTGGTCGGCATCG-1,-4.401705,0.36558577
TATCAGGCAAGGCTCC-1,-4.925949,-4.3069634
TATCAGGCAGCTCGCA-1,0.5743556,0.38989148
TATCAGGGTCCAGTGC-1,2.7581878,1.7774487
TATCAGGTCCAAACAC-1,-4.3545084,-0.57258314
TATCTCACATAGACTC-1,-3.8429575,0.85953504
TATCTCATCTCGAGTA-1,-5.503777,-4.541278
TATGCCCCAGATCCAT-1,4.095382,-1.2547483
TATGCCCTCGTGGTCG-1,2.1960943,-2.190516
TATTACCGTTGATTGC-1,1.8112538,1.584102
TCAACGAAGACATAAC-1,2.711845,-0.5737481
TCAACGAAGGAGTTTA-1,-1.2637513,-0.87246794
TCAACGAAGTGGTAAT-1,2.3180547,0.8392959
TCAACGACAGACAAGC-1,-4.1746144,0.9278305
TCAACGATCCATGCTC-1,2.841022,1.9547371
TCAACGATCTTAACCT-1,2.9871006,-0.32241642
TCAATCTGTACGCACC-1,0.40134624,-1.6619275
TCACAAGCACAAGACG-1,-5.557512,-4.425227
TCACAAGCACCAACCG-1,1.7451936,1.977132
TCACAAGGTGCAACTT-1,-4.3830495,-4.118457
TCACAAGTCTTCAACT-1,-4.193266,-3.1260388
TCACGAACAGACACTT-1,-7.9726963,1.626654
TCACGAAGTAGCGTCC-1,5.334819,0.30240554
TCAGATGAGCCGCCTA-1,-1.4480573,-0.72583216
TCAGCAAAGTCTCGGC-1,2.3666828,1.3438914
TCAGCTCCATGTTCCC-1,3.190495,2.4798112
TCAGGATGTAAGTGGC-1,2.4401295,-2.2105558
TCAGGATTCCGTTGTC-1,-1.1924961,0.26099086
TCAGGTACAGCCAGAA-1,3.0008204,1.571167
TCATTACGTCCCTACT-1,-5.6510277,1.2691071
TCATTACGTTGGACCC-1,-5.084002,-4.607625
TCATTTGGTGAACCTT-1,-5.3324347,-0.42404023
TCATTTGTCCAAAGTC-1,3.5970187,-0.42069995
TCATTTGTCCCTCTTT-1,0.7407849,0.3218974
TCATTTGTCCTTTCGG-1,-5.809935,-0.75127816
TCCACACGTTAGATGA-1,0.6042028,0.8943578
TCCCGATAGCCCAGCT-1,-0.44442362,0.13921827
TCCCGATCATCCGGGT-1,-0.12820438,1.0028172
TCCCGATTCCGCTGTT-1,2.0728886,1.3859497
TCCCGATTCGTTTATC-1,1.7909532,-2.6131706
TCGAGGCAGAGAACAG-1,3.3909285,0.91808075
TCGAGGCAGTGGAGAA-1,-4.4947824,1.1655129
TCGAGGCCACCTCGTT-1,2.8466535,-1.0933393
TCGCGAGCAAGTTAAG-1,4.96731,-0.010801161
TCGGGACGTTTGACAC-1,-6.280533,0.3255349
TCGGGACTCCTTAATC-1,1.5674152,-2.265231
TCGGTAAAGAGAACAG-1,-4.9788213,-0.5344704
TCGGTAAAGAGCCTAG-1,-5.7338037,0.31582466
TCGGTAATCAGCGATT-1,3.0895238,0.9848506
TCGTACCGTACCATCA-1,2.2507687,-2.177443
TCGTACCGTAGAGCTG-1,3.6176925,-0.73089194
TCGTACCGTTCAGTAC-1,-4.196418,0.7511788
TCGTAGACACGGCCAT-1,-4.4380107,1.2769548
TCGTAGAGTTGGAGGT-1,3.6685898,2.5266268
TCGTAGAGTTTGGGCC-1,-7.865911,1.6271365
TCTATTGGTTCGTCTC-1,0.56458324,-0.9142685
TCTCTAAAGCGATATA-1,-0.04658417,1.9094567
TCTCTAACACCGATAT-1,-0.2532759,1.6063839
TCTCTAACATCGGGTC-1,-7.432625,-0.14435737
TCTCTAAGTCATTAGC-1,-5.4557724,-0.6618075
TCTCTAATCGATGAGG-1,3.6562355,1.300765
TCTGAGAAGTACATGA-1,1.2657386,-1.8201176
TCTGGAACAAGTAGTA-1,3.3029196,-1.3174727
TCTGGAACAATGAATG-1,3.3253918,1.4762529
TCTGGAACAGTTAACC-1,2.4323318,-1.8639588
TCTGGAAGTTGAGGTG-1,2.3138297,-1.0805781
TCTTCGGCACAAGACG-1,0.5486864,0.7292851
TCTTCGGTCAGCGACC-1,-4.4935627,-3.0490272
TCTTTCCGTCAAACTC-1,-3.6397088,-4.030627
TGAAAGACAAACGCGA-1,4.979525,1.1419207
TGAAAGATCAGTCAGT-1,0.017692823,-1.245404
TGAAAGATCGGATGGA-1,-3.7970104,1.5269166
TGAAAGATCTCAAACG-1,-7.8133183,-0.5836387
TGACAACAGGGCTCTC-1,2.594337,0.50187194
TGACAACCACGCGAAA-1,3.8622851,-0.9725288
TGACAACCATGACATC-1,5.1430306,-0.1754805
TGACAACGTAAGAGAG-1,5.680743,-0.894847
TGACAACTCGCCTGAG-1,3.1846657,0.273088
TGACGGCCATAAGACA-1,1.380656,-1.3450859
TGACGGCGTGAGTATA-1,5.3962126,-0.30108976
TGACGGCTCAATCTCT-1,-3.5402884,-0.08454327
TGACGGCTCAGCACAT-1,-7.917209,0.13334188
TGACTAGAGACCGGAT-1,-0.16788578,-1.413393
TGACTAGCACGAAACG-1,2.4250987,0.76704407
TGAGAGGTCCCATTAT-1,-4.8919225,-4.577486
TGAGCATAGAGTGACC-1,2.819792,-1.614057
TGAGCATCAATGAATG-1,-7.4288173,1.9055078
TGAGCATCATACTACG-1,4.946802,1.0104464
TGAGCCGGTACACCGC-1,3.5358644,0.059912775
TGAGCCGGTGTTGAGG-1,-8.244913,0.033830848
TGAGGGAAGCTCCTCT-1,2.8280416,-0.49617743
TGAGGGAGTATAGGGC-1,1.7420208,-1.4952796
TGAGGGATCGTTTGCC-1,1.3135982,3.1132114
TGCACCTCAGGCAGTA-1,-2.505882,-0.97338665
TGCACCTGTAGCGTCC-1,-4.4515104,-4.591058
TGCCAAAGTTCAGCGC-1,-3.123869,0.06862704
TGCCAAATCGCAGGCT-1,3.0386617,-0.62018764
TGCCAAATCGTAGATC-1,-3.8901746,-4.1652613
TGCCCATCATACGCTA-1,-2.724308,0.4094694
TGCCCATGTCTGATCA-1,-8.083239,1.3259298
TGCCCTAAGCAGACTG-1,-2.8993914,0.08999636
TGCCCTAAGGCGCTCT-1,-7.862568,1.191043
TGCCCTACATCCGTGG-1,-7.2503757,-0.919518
TGCCCTAGTAGCTTGT-1,-4.1334963,-3.604385
TGCCCTATCACTTACT-1,-0.11976136,1.1297821
TGCGCAGAGAGCAATT-1,-5.0710816,-1.0178918
TGCGCAGCATCTACGA-1,3.8621097,2.1856549
TGCGCAGGTCCAGTTA-1,5.035318,-0.56893593
TGCGTGGAGCCCAACC-1,3.6989255,1.3902287
TGCGTGGAGGATTCGG-1,-5.7625914,0.37905324
TGCGTGGCAACTGGCC-1,-0.2964108,2.758685
TGCGTGGCACCTCGTT-1,1.7014672,1.0415208
TGCTACCAGGAGTTGC-1,-4.1989293,-0.30357254
TGCTACCCAAGGACTG-1,-0.28315356,-2.0063763
TGCTACCTCAGCACAT-1,-7.010946,-0.50703055
TGCTACCTCCGATATG-1,4.6735735,1.5847896
TGCTGCTCATTCCTCG-1,-0.60862285,-0.26957622
TGCTGCTGTATGGTTC-1,-0.02862325,-1.4852508
TGGACGCCAAGAAGAG-1,4.193894,1.1716652
TGGACGCTCTCACATT-1,1.3860166,-0.8211648
TGGCCAGCAAGGCTCC-1,-8.1139345,-0.5117762
TGGCCAGGTGTCAATC-1,2.5123644,-0.89040506
TGGCGCAAGAGATGAG-1,-8.126508,0.8021208
TGGCGCACAAACTGTC-1,0.23123088,1.5066798
TGGCGCACATACCATG-1,4.900356,-0.06854418
TGGCGCAGTGGGTATG-1,2.9452112,0.20389035
TGGCTGGCAGCTATTG-1,-0.96231407,0.7249466
TGGCTGGGTGACTCAT-1,-7.467053,-0.742464
TGGCTGGTCCTTAATC-1,0.31567225,0.22664997
TGGGAAGAGGAGTTTA-1,3.4567933,-0.8437366
TGGGAAGCAGCTGGCT-1,2.7290905,1.2150797
TGGGAAGGTTCCACGG-1,2.4881191,1.8427908
TGGGAAGTCATTGCCC-1,-4.535796,-3.64785
TGGGAAGTCCGAATGT-1,1.7743378,1.0772029
TGGTTAGTCAGTGTTG-1,-0.5277275,-1.8653988
TGGTTCCAGAGCTTCT-1,1.7783507,1.8476895
TGGTTCCAGTGGTAAT-1,4.902865,-0.3623605
TGGTTCCGTAAGAGGA-1,0.52644354,1.3446608
TGGTTCCTCTTTAGTC-1,-4.9227157,1.0249302
TGTATTCAGACAGAGA-1,-4.089954,-0.21933438
TGTATTCAGGCTACGA-1,-3.0750349,1.1434761
TGTATTCCATGTCCTC-1,-7.690891,0.6640849
TGTCCCACAAGGTGTG-1,4.1734986,-0.3454022
TGTGGTAAGCAGGTCA-1,3.6479807,-1.9473352
TGTGGTAGTCCGACGT-1,3.382576,0.30811375
TGTGGTAGTGCCTGTG-1,0.9236746,0.98707116
TGTGGTAGTGTTTGGT-1,2.9383333,-1.1043279
TGTGTTTCAAGGTTCT-1,3.614285,0.10173722
TGTGTTTCATCCCACT-1,4.702255,-1.224005
TGTGTTTTCCTTGACC-1,0.07877171,2.6794653
TGTGTTTTCTGCTTGC-1,3.4252806,0.20717749
TGTTCCGGTGTCAATC-1,-2.9107177,-0.063077174
TTAACTCGTACCAGTT-1,-4.694691,-4.0343113
TTAACTCTCCCGACTT-1,1.7027644,-0.22721863
TTAGGACGTATTACCG-1,1.6688242,1.8404957
TTAGGCATCTCCGGTT-1,0.3439898,0.3756748
TTATGCTGTTCTGGTA-1,0.12018521,-0.20424446
TTATGCTTCAGCCTAA-1,0.09522512,2.4159942
TTCCCAGAGGGATACC-1,1.5786756,2.2946098
TTCCCAGTCCCTAATT-1,-1.136646,0.16237997
TTCGAAGGTACGCTGC-1,4.1256914,-0.50889933
TTCGAAGGTAGTAGTA-1,4.888861,-0.15684609
TTCGAAGTCAAACCAC-1,2.5910654,-0.96666104
TTCGGTCCACATCTTT-1,-6.4771423,-0.058666755
TTCTACAGTGTTTGGT-1,-8.347073,0.0200764
TTCTCAAAGTACGTAA-1,-2.8232594,0.3056729
TTCTCAACAGGCTCAC-1,-6.8531685,-0.55761826
TTCTCAAGTCCCTACT-1,-7.9463797,-0.06336814
TTCTCCTAGTCTTGCA-1,2.8725696,-2.5416405
TTCTCCTGTATTACCG-1,2.135391,2.441827
TTCTCCTGTTGTTTGG-1,-0.6722276,0.5823827
TTCTCCTTCGTACCGG-1,-4.7041664,-4.6372886
TTCTCCTTCTCCTATA-1,-0.79508936,0.8098596
TTCTTAGCAAGGGTCA-1,0.627023,2.4422626
TTCTTAGGTTATCGGT-1,2.4418027,-1.3402902
TTGAACGAGTGGAGAA-1,5.375859,0.3470284
TTGAACGCACGACGAA-1,3.6163204,0.5399856
TTGAACGTCCTATGTT-1,-5.1262665,-4.646882
TTGACTTCACAACGCC-1,0.56450117,2.2498147
TTGACTTTCTATCCTA-1,-5.9816446,-0.4274348
TTGCCGTCAGCTCCGA-1,0.84510887,1.7810863
TTGCCGTCATGACATC-1,3.2506676,1.9288052
TTGCGTCGTTGTCTTT-1,5.9084563,-0.67421615
TTGCGTCTCAGAGACG-1,-5.927806,-0.23535456
TTGCGTCTCGTCTGCT-1,2.0698044,-0.4075052
TTGGAACAGAAACGAG-1,2.8275294,2.59763
TTGGAACAGGGCTTCC-1,4.413993,0.15248191
TTGGAACTCATATCGG-1,0.90912306,0.62532103
TTGGCAACACATCCGG-1,2.061904,0.18028244
TTGGCAACAGGGTATG-1,4.7267647,0.4147897
TTGGCAATCAACACTG-1,0.37778315,-0.93704
TTGTAGGAGAGTTGGC-1,3.5048559,-1.2380048
TTGTAGGAGGGTATCG-1,3.187058,0.6792018
TTGTAGGGTTGTACAC-1,-2.8758268,0.71025693
TTGTAGGTCTCTGAGA-1,3.2137787,2.5251048
TTTACTGCAGGGTACA-1,-7.612187,-0.7128155
TTTACTGGTATGGTTC-1,-0.381731,-1.0202243
TTTACTGGTGAGGCTA-1,-1.0636184,0.4915273
TTTACTGTCCACGTTC-1,0.23503035,-1.8682692
TTTATGCAGGCCCTCA-1,-4.1182885,-3.8432379
TTTATGCCACCAACCG-1,-3.6003573,0.46816856
TTTATGCTCGGCTACG-1,1.2157831,-0.19956984
TTTCCTCCATGCCTTC-1,1.7179779,-1.8942326
TTTCCTCCATTTCACT-1,3.3667526,-0.39809436
TTTCCTCTCAACGGGA-1,1.420902,-2.1232266
TTTGCGCAGGATTCGG-1,1.7156801,1.2646189
TTTGCGCCAGCCACCA-1,-5.4393077,-4.5535293
TTTGCGCGTAGGGTAC-1,4.721766,0.22056094
TTTGCGCTCCTGTACC-1,1.2614833,1.9721332
TTTGGTTCAGCATACT-1,0.24919741,-0.27565536
TTTGGTTCATACTACG-1,0.8407341,-1.3998498
TTTGTCAGTCAGGACA-1,1.7501101,-1.4014132
TTTGTCAGTCTGCAAT-1,-1.024784,0.83453697
TTTGTCAGTTAAGACA-1,1.3242842,1.0534338
TTTGTCATCAGCTTAG-1,2.0522425,-2.4296694
