Barcode,Cluster
AAACCTGAGTTACCCA-1,1
AAACCTGCAAGCTGAG-1,1
AAACCTGGTTCAGGCC-1,3
AAACCTGTCGGCCGAT-1,1
AAACGGGAGTACGCGA-1,1
AAACGGGTCGCACTCT-1,1
AAAGATGAGAAGGCCT-1,3
AAAGATGGTCATCGGC-1,1
AAAGATGTCGCGGATC-1,3
AAAGCAACAAACCTAC-1,2
AAAGCAACAATAAGCA-1,1
AAAGCAACATAAAGGT-1,1
AAAGCAAGTCTCCCTA-1,1
AAAGTAGAGGTGCACA-1,1
AAATGCCAGCTCTCGG-1,1
AAATGCCCAAGAGTCG-1,1
AACACGTAGGTAAACT-1,1
AACCATGAGCAGGCTA-1,2
AACCATGAGGGAAACA-1,1
AACCATGTCTTACCTA-1,2
AACCGCGAGAATCTCC-1,1
AACCGCGAGCAAATCA-1,1
AACGTTGGTAGGGACT-1,1
AACGTTGTCAATCTCT-1,1
AACTCAGCAAAGGCGT-1,2
AACTCAGCAAGTTCTG-1,1
AACTCAGGTCTGATTG-1,1
AACTCAGTCGCACTCT-1,1
AACTCAGTCTTCGGTC-1,1
AACTCTTGTGCAGTAG-1,2
AACTCTTGTTCGTGAT-1,2
AACTGGTAGACTAGGC-1,1
AACTGGTAGGCCCTCA-1,1
AACTTTCAGTACGCGA-1,2
AACTTTCTCCAGATCA-1,1
AAGACCTAGTCGCCGT-1,1
AAGACCTAGTGACTCT-1,1
AAGACCTTCATCACCC-1,1
AAGCCGCCAAGTCTGT-1,1
AAGCCGCCACAGTCGC-1,1
AAGCCGCCACGAAAGC-1,1
AAGGAGCCATATGAGA-1,3
AAGTCTGAGACACTAA-1,1
AAGTCTGAGGAATCGC-1,1
AAGTCTGAGTGGACGT-1,1
AATCCAGAGTGGTAAT-1,1
AATCCAGCACTTAAGC-1,1
AATCCAGCATGGGAAC-1,1
AATCCAGCATGGTAGG-1,1
AATCCAGTCCATTCTA-1,1
AATCGGTGTCGAGTTT-1,1
ACACCCTCATTAACCG-1,1
ACACCCTTCTGTCTAT-1,1
ACACCCTTCTGTTGAG-1,1
ACACCGGAGAAGATTC-1,1
ACACCGGAGCGTCTAT-1,1
ACACCGGGTCTTTCAT-1,1
ACACCGGGTGTATGGG-1,1
ACACTGAAGCGATCCC-1,1
ACACTGAAGCTGCGAA-1,1
ACACTGAAGTCTCGGC-1,2
ACACTGACAAGAAAGG-1,1
ACACTGAGTAGAAAGG-1,1
ACACTGAGTTCCCTTG-1,3
ACAGCCGAGCGTTCCG-1,1
ACAGCCGAGGCAGTCA-1,1
ACAGCCGCACACAGAG-1,1
ACAGCCGCATCACGTA-1,2
ACAGCCGTCAACGGCC-1,1
ACAGCTAAGTGGTAAT-1,1
ACAGCTAGTGATAAAC-1,1
ACATACGCAATCGAAA-1,1
ACATACGGTCGATTGT-1,1
ACATACGTCGTTGCCT-1,1
ACATACGTCTTACCTA-1,3
ACATCAGAGAGCTGGT-1,1
ACATGGTGTTCAGACT-1,3
ACATGGTTCTTCAACT-1,1
ACATGGTTCTTGAGGT-1,1
ACCAGTACAACTGCGC-1,1
ACCAGTATCCGAAGAG-1,1
ACCAGTATCTGGAGCC-1,1
ACCAGTATCTTGCCGT-1,1
ACCCACTCATACTCTT-1,1
ACCGTAAAGACCTAGG-1,1
ACCGTAACAAGCGCTC-1,2
ACCGTAATCCGCTGTT-1,1
ACCTTTAAGAATAGGG-1,2
ACGAGCCCATACGCCG-1,1
ACGAGGAAGTGGTAAT-1,1
ACGAGGACAACAACCT-1,1
ACGAGGAGTAGCGATG-1,1
ACGAGGATCACCACCT-1,1
ACGAGGATCCTGCAGG-1,1
ACGATACAGAGCCTAG-1,1
ACGATACCACCAGTTA-1,1
ACGATACTCCTAAGTG-1,1
ACGATGTAGATTACCC-1,1
ACGATGTAGTACATGA-1,1
ACGATGTAGTTTGCGT-1,1
ACGATGTCATGAACCT-1,1
ACGATGTCATTCGACA-1,3
ACGCAGCAGTGGTAGC-1,2
ACGCAGCTCCCTCAGT-1,1
ACGCCAGAGAAGGGTA-1,1
ACGCCAGAGTACTTGC-1,1
ACGCCAGCACGTAAGG-1,1
ACGCCAGCACTGCCAG-1,2
ACGCCAGGTTTGTTGG-1,1
ACGCCGAAGCCAGGAT-1,1
ACGCCGATCACATAGC-1,2
ACGGAGACACAACGCC-1,1
ACGGGCTGTCCAAGTT-1,1
ACGGGCTGTTGAGTTC-1,3
ACGGGCTTCAACCAAC-1,1
ACGGGTCAGACAGACC-1,1
ACGGGTCAGATGTAAC-1,1
ACGGGTCGTTCAGACT-1,1
ACGTCAACACAGACTT-1,2
ACGTCAACAGAGTGTG-1,1
ACGTCAAGTCACACGC-1,1
ACGTCAATCAAACCGT-1,1
ACTATCTCAGATGAGC-1,2
ACTATCTGTTCTGGTA-1,1
ACTGAGTAGGGCTTCC-1,2
ACTGAGTCACATTTCT-1,1
ACTGATGAGCTAGTGG-1,2
ACTGCTCAGATGGCGT-1,1
ACTGCTCAGTGTTTGC-1,1
ACTGCTCCATGAACCT-1,1
ACTGCTCTCATGCATG-1,3
ACTGCTCTCCAGTAGT-1,1
ACTGTCCAGGAATGGA-1,1
ACTGTCCTCCAGAGGA-1,1
ACTGTCCTCGCCATAA-1,1
ACTTACTGTGATAAGT-1,1
ACTTACTTCTGATTCT-1,3
ACTTGTTAGTGGAGTC-1,1
ACTTGTTGTTACAGAA-1,1
ACTTTCACAGATCTGT-1,1
ACTTTCATCCCGACTT-1,1
AGAATAGAGTGGGTTG-1,1
AGACGTTGTCAATGTC-1,1
AGACGTTGTGGCTCCA-1,1
AGACGTTTCATTTGGG-1,3
AGAGCGATCTCGTTTA-1,1
AGAGCTTAGATGCCTT-1,1
AGAGCTTGTGTATGGG-1,2
AGAGCTTTCGTGGACC-1,1
AGAGCTTTCTGGCGAC-1,2
AGAGTGGCAGGTGCCT-1,1
AGAGTGGTCCGTTGCT-1,1
AGATCTGAGAATAGGG-1,3
AGATCTGAGTCATCCA-1,1
AGATTGCCACATCCGG-1,2
AGATTGCGTCGCCATG-1,1
AGCAGCCGTGAGTATA-1,1
AGCAGCCGTTACCGAT-1,2
AGCAGCCGTTTCCACC-1,1
AGCAGCCTCAGAGGTG-1,2
AGCATACAGCCACCTG-1,2
AGCATACGTCTGCAAT-1,1
AGCCTAAGTCACCCAG-1,1
AGCCTAAGTTACAGAA-1,2
AGCGGTCGTAACGCGA-1,1
AGCGTCGAGCGATATA-1,1
AGCGTCGCACACATGT-1,1
AGCTCCTAGTAACCCT-1,2
AGCTCCTTCCAAACTG-1,1
AGCTCTCTCTGTCTCG-1,1
AGCTTGAAGGGAAACA-1,1
AGCTTGAGTACCGTTA-1,3
AGCTTGAGTCTACCTC-1,1
AGGCCACAGAGAACAG-1,1
AGGCCACAGTTAACGA-1,1
AGGCCACGTCTAGTCA-1,1
AGGGAGTCAATGGTCT-1,1
AGGGAGTCACGTCAGC-1,1
AGGGAGTGTTGAGTTC-1,3
AGGGATGAGCTGGAAC-1,2
AGGGATGGTCGAGTTT-1,1
AGGGATGGTCGCATAT-1,1
AGGGATGTCACCAGGC-1,1
AGGGATGTCCCTTGCA-1,1
AGGGATGTCTTGAGAC-1,1
AGGGTGAAGGACAGCT-1,1
AGGGTGAGTACAGCAG-1,1
AGGGTGAGTCTCATCC-1,1
AGGGTGAGTGCAGACA-1,1
AGGGTGATCACAATGC-1,1
AGGGTGATCCTATGTT-1,3
AGGTCATCAAGTAATG-1,1
AGGTCATCATGGTAGG-1,1
AGGTCATGTTTGGCGC-1,1
AGGTCATTCTGGAGCC-1,1
AGGTCCGAGGCATTGG-1,2
AGGTCCGCATGGTTGT-1,1
AGGTCCGGTCAACATC-1,1
AGTAGTCAGACTAGAT-1,1
AGTAGTCAGTCCATAC-1,1
AGTAGTCTCCATGCTC-1,2
AGTCTTTAGTTGAGAT-1,1
AGTCTTTGTTTGGCGC-1,1
AGTCTTTTCCTTGCCA-1,1
AGTGAGGAGATGTGTA-1,1
AGTGAGGAGGAGCGTT-1,1
AGTGAGGCACCACGTG-1,1
AGTGAGGGTTCGTGAT-1,3
AGTGAGGTCCACGAAT-1,1
AGTGGGAAGAGATGAG-1,1
AGTGGGATCATCGATG-1,2
AGTGTCAAGTGGGTTG-1,1
AGTGTCAAGTTAACGA-1,1
AGTGTCACACGAGGTA-1,1
AGTGTCAGTTCGTGAT-1,2
AGTGTCAGTTGGTAAA-1,1
AGTGTCATCTTGCATT-1,1
AGTTGGTAGCGTCTAT-1,1
AGTTGGTCATCCAACA-1,2
AGTTGGTGTTTCGCTC-1,3
ATAACGCGTAAACACA-1,2
ATAACGCGTTGTTTGG-1,1
ATAGACCCAGCGTCCA-1,3
ATAGACCTCGTTTGCC-1,1
ATAGACCTCTTTAGGG-1,1
ATCACGAAGATGTCGG-1,3
ATCACGAAGGCGTACA-1,1
ATCACGAGTGCTTCTC-1,1
ATCATCTTCACGAAGG-1,1
ATCATGGGTTGCGTTA-1,1
ATCCACCAGTTGTCGT-1,1
ATCCGAAAGTGGCACA-1,1
ATCCGAAGTGCACTTA-1,2
ATCGAGTAGTTAAGTG-1,2
ATCGAGTCAGCTCGCA-1,3
ATCTACTCACATCCAA-1,1
ATCTACTCACGGCCAT-1,2
ATCTACTTCATGTCTT-1,2
ATCTACTTCTGCCAGG-1,1
ATCTGCCAGTACGATA-1,1
ATCTGCCGTCAAACTC-1,2
ATCTGCCTCCTTTCGG-1,1
ATGAGGGTCAGTCCCT-1,1
ATGCGATGTGACGGTA-1,1
ATGCGATTCAACCATG-1,1
ATGGGAGAGGTGATTA-1,1
ATGGGAGAGTGTCCCG-1,1
ATGGGAGCACCTGGTG-1,3
ATTACTCAGCGATTCT-1,1
ATTACTCAGCGGATCA-1,2
ATTACTCTCCCAAGTA-1,3
ATTCTACAGGCAAAGA-1,1
ATTCTACCAAACGCGA-1,1
ATTGGACAGGAGCGAG-1,1
ATTGGACGTCTAAAGA-1,2
ATTGGACGTGAGCGAT-1,1
ATTGGACGTTTGGCGC-1,2
ATTGGTGAGAAACCAT-1,1
ATTTCTGTCGTCCAGG-1,1
ATTTCTGTCTGCAGTA-1,1
CAACCAAAGAACAATC-1,1
CAACCAAAGCAGATCG-1,1
CAACCTCAGAAGGTGA-1,2
CAACCTCAGTGGAGAA-1,1
CAACCTCCAGTTAACC-1,1
CAACCTCGTCTCACCT-1,2
CAACCTCGTGGTCTCG-1,2
CAACTAGAGGTGCAAC-1,1
CAACTAGTCGTTTAGG-1,1
CAAGAAAAGTCACGCC-1,1
CAAGAAACAACTGCTA-1,1
CAAGAAAGTTACCAGT-1,1
CAAGATCAGTGCAAGC-1,1
CAAGATCGTGGCTCCA-1,2
CAAGATCTCACAAACC-1,1
CAAGGCCCATCACCCT-1,2
CAAGGCCTCTAGCACA-1,1
CAAGTTGGTACAGTTC-1,1
CAAGTTGGTTAGGGTG-1,2
CACAAACCAAACTGCT-1,1
CACAAACCAGCTCCGA-1,1
CACACAATCTCTTATG-1,1
CACACCTCACTAGTAC-1,1
CACACCTGTATATGAG-1,1
CACACCTGTCATGCCG-1,1
CACACTCGTAGCGTCC-1,1
CACACTCGTTATCGGT-1,1
CACACTCGTTCGCGAC-1,2
CACACTCGTTCGGCAC-1,1
CACAGGCAGAAAGTGG-1,1
CACAGGCAGTGCGATG-1,1
CACAGGCGTGTGCCTG-1,1
CACAGGCTCCGCGGTA-1,1
CACATAGTCCCAACGG-1,1
CACATTTTCCCTAATT-1,1
CACCACTAGAAACGAG-1,2
CACCACTAGAACTGTA-1,1
CACCACTTCACTCCTG-1,1
CACCACTTCTCTGCTG-1,1
CACCAGGCACGCCAGT-1,1
CACCAGGTCTCGGACG-1,2
CACCTTGCACGACGAA-1,1
CACCTTGCAGGTCGTC-1,3
CACCTTGGTGCACTTA-1,1
CACTCCAAGTCGAGTG-1,1
CACTCCATCATGTCTT-1,3
CAGAATCGTTACGCGC-1,1
CAGAGAGAGTGTTGAA-1,2
CAGCAGCGTGAAAGAG-1,1
CAGCAGCTCGCGGATC-1,1
CAGCATACACGCTTTC-1,2
CAGCATAGTAAGTTCC-1,2
CAGCATAGTCAGAAGC-1,1
CAGCATATCTTCAACT-1,1
CAGCCGAAGAGTACCG-1,1
CAGCCGACACGAAGCA-1,2
CAGCCGAGTCTTCAAG-1,1
CAGCCGATCGCACTCT-1,1
CAGCGACAGGGTGTTG-1,1
CAGCGACTCGAACGGA-1,1
CAGCTAAAGCTAGCCC-1,1
CAGCTAACACTGCCAG-1,1
CAGCTAAGTAAACGCG-1,1
CAGCTAAGTGCAGTAG-1,3
CAGCTAATCGTTACGA-1,2
CAGCTGGGTGTAACGG-1,2
CAGCTGGTCGTACGGC-1,1
CAGGTGCCAGTCGATT-1,1
CAGGTGCCATTTCACT-1,1
CAGTAACAGAGGTACC-1,1
CAGTCCTCACTGCCAG-1,1
CATATGGAGTATTGGA-1,1
CATATGGCAAGCCTAT-1,1
CATATGGCACGCTTTC-1,1
CATATGGTCCACGTGG-1,2
CATATGGTCCTTTCTC-1,1
CATATGGTCTGAGTGT-1,2
CATATTCAGCCCAATT-1,1
CATATTCTCCTGCCAT-1,1
CATCAAGAGGCGACAT-1,1
CATCAAGTCATGCTCC-1,1
CATCAGACACCGAAAG-1,1
CATCAGAGTCAGCTAT-1,1
CATCAGATCCCAAGTA-1,2
CATCGAAGTTACGCGC-1,1
CATCGAATCTCGCATC-1,1
CATCGGGCAACACCTA-1,1
CATCGGGCAAGTAGTA-1,1
CATCGGGGTCTCTCTG-1,1
CATGACATCCGATATG-1,1
CATGCCTAGTGTGGCA-1,1
CATGCCTCATAAAGGT-1,2
CATGCCTTCAGCACAT-1,1
CATGGCGAGTCGTACT-1,3
CATGGCGTCAATCTCT-1,3
CATTATCCACGGTAAG-1,1
CATTATCCATGGATGG-1,2
CATTATCGTTCCCGAG-1,1
CATTATCTCTGAGTGT-1,1
CATTCGCGTCCAGTAT-1,2
CATTCGCGTTAAAGTG-1,1
CATTCGCTCAATCTCT-1,1
CATTCGCTCCCTAACC-1,1
CCAATCCCACAGGAGT-1,1
CCAATCCCAGCCACCA-1,1
CCAATCCCAGGTGCCT-1,1
CCAATCCTCATGCATG-1,2
CCACCTAAGCATCATC-1,1
CCACCTACATTAGCCA-1,1
CCACCTAGTGGTAACG-1,1
CCACCTAGTTAAGATG-1,1
CCACGGATCATTGCGA-1,1
CCACTACAGCTGCAAG-1,2
CCACTACTCAGGTTCA-1,1
CCAGCGACATGTAGTC-1,2
CCATGTCAGCGTTCCG-1,2
CCATGTCCAGACGCCT-1,3
CCATGTCGTGAGGGTT-1,1
CCCAATCCAAACTGTC-1,1
CCCAATCCACCGTTGG-1,1
CCCAGTTGTACAGTGG-1,3
CCCATACTCCCAGGTG-1,1
CCCTCCTAGATAGGAG-1,2
CCCTCCTCAGCTGTGC-1,1
CCGGGATCAAACCCAT-1,1
CCGGTAGAGTTACCCA-1,3
CCGGTAGCACCAGATT-1,1
CCGGTAGGTAGCGTGA-1,1
CCGGTAGGTATCTGCA-1,1
CCGGTAGGTGGGTCAA-1,1
CCGTACTGTTGACGTT-1,1
CCGTGGAGTCAAACTC-1,1
CCGTGGAGTTAGATGA-1,1
CCGTTCAAGAAAGTGG-1,1
CCGTTCAAGAGCTATA-1,1
CCGTTCATCAGAGACG-1,1
CCTACACAGAATTGTG-1,2
CCTACACAGGCGTACA-1,3
CCTACACCAGTCTTCC-1,1
CCTACACGTCAAAGAT-1,1
CCTACACTCACAGGCC-1,2
CCTACACTCCCGACTT-1,2
CCTACCAAGAATTCCC-1,2
CCTACCAAGACTGGGT-1,1
CCTACCAAGAGAGCTC-1,1
CCTACCAGTAGCGTCC-1,1
CCTACCAGTTTGACTG-1,1
CCTAGCTAGCTGTCTA-1,1
CCTAGCTGTAAAGTCA-1,1
CCTAGCTGTACGACCC-1,1
CCTAGCTGTGTGTGCC-1,2
CCTATTACAATCACAC-1,1
CCTATTAGTACGAAAT-1,1
CCTATTAGTGCTGTAT-1,1
CCTATTATCCATGCTC-1,2
CCTCAGTAGAAAGTGG-1,1
CCTCAGTAGATCACGG-1,1
CCTCAGTAGCGTAATA-1,1
CCTCAGTAGGTGACCA-1,1
CCTCAGTAGTATTGGA-1,2
CCTCAGTCACGAGGTA-1,2
CCTCTGAGTCGAGTTT-1,1
CCTCTGATCTCTTATG-1,1
CCTTACGCACTGAAGG-1,3
CCTTACGTCACCGGGT-1,1
CCTTCCCGTGCGATAG-1,1
CCTTCCCTCAGCACAT-1,1
CCTTCCCTCATAACCG-1,1
CCTTTCTAGATATGCA-1,1
CCTTTCTCAAGTAGTA-1,2
CCTTTCTTCAAGGCTT-1,1
CCTTTCTTCAATCTCT-1,1
CGAACATAGTGGTCCC-1,1
CGAATGTGTGAAAGAG-1,3
CGAATGTTCTCGAGTA-1,2
CGACCTTCAAGCGCTC-1,1
CGACCTTCACTGTGTA-1,1
CGACCTTTCGTAGGAG-1,1
CGACTTCGTAGATTAG-1,1
CGACTTCTCTGTCTCG-1,1
CGAGAAGGTCTAGTCA-1,1
CGAGCACAGTGTGGCA-1,1
CGAGCACCAAGAAAGG-1,1
CGAGCCAAGTCAAGGC-1,2
CGAGCCAGTTAGATGA-1,1
CGATCGGCAGTCACTA-1,1
CGATCGGTCCACGTGG-1,1
CGATGGCCAGCTATTG-1,1
CGATGTAGTAAGAGAG-1,2
CGATTGAAGAGGTTGC-1,1
CGATTGAAGTTAGCGG-1,1
CGATTGACAATCACAC-1,2
CGCCAAGAGTGGCACA-1,1
CGCCAAGAGTTATCGC-1,3
CGCCAAGCACATTAGC-1,1
CGCCAAGCACTTACGA-1,2
CGCCAAGGTAGGAGTC-1,1
CGCCAAGGTAGGCTGA-1,3
CGCGGTAGTAGCACGA-1,1
CGCGGTATCACCACCT-1,1
CGCGTTTTCAAGGTAA-1,1
CGCGTTTTCCTGCCAT-1,3
CGCGTTTTCTCGAGTA-1,1
CGCTATCAGAAGGCCT-1,1
CGCTATCCAGTCACTA-1,1
CGCTGGAAGGATGCGT-1,1
CGCTGGAAGGGAACGG-1,1
CGCTGGAGTAATAGCA-1,2
CGCTGGAGTCCCGACA-1,2
CGCTTCACAAGCTGGA-1,1
CGCTTCACAAGTAATG-1,1
CGCTTCAGTAATCGTC-1,1
CGCTTCATCAGAGCTT-1,1
CGGACACCACGCGAAA-1,3
CGGACACTCTCGCATC-1,1
CGGACTGAGAAAGTGG-1,3
CGGACTGAGCTCAACT-1,1
CGGACTGGTACGACCC-1,1
CGGACTGGTGATGCCC-1,1
CGGAGCTAGCACCGCT-1,1
CGGAGCTAGCTCCTCT-1,1
CGGAGCTGTCGGCTCA-1,1
CGGAGCTGTCTTCTCG-1,2
CGGAGCTGTGCAGTAG-1,2
CGGAGTCAGTTTCCTT-1,1
CGGCTAGGTCTAAAGA-1,1
CGGCTAGGTGATAAGT-1,1
CGGCTAGTCACCCGAG-1,1
CGGGTCACAACCGCCA-1,1
CGGGTCACAAGCTGGA-1,1
CGGGTCACACCCATTC-1,1
CGGGTCACAGCCTTGG-1,1
CGGGTCATCTGCGGCA-1,2
CGGTTAAAGCAGATCG-1,1
CGGTTAACAAGACGTG-1,3
CGGTTAAGTTCGTTGA-1,1
CGGTTAATCAGCCTAA-1,1
CGTAGCGAGAGTACCG-1,1
CGTAGCGCAACTTGAC-1,2
CGTAGGCAGGGCACTA-1,1
CGTAGGCCACAAGCCC-1,1
CGTAGGCTCACGATGT-1,1
CGTCACTCAGATCCAT-1,1
CGTCAGGAGTAGGCCA-1,1
CGTCAGGGTGAGCGAT-1,1
CGTCAGGGTGGTTTCA-1,1
CGTCCATAGTGCGTGA-1,1
CGTCCATCATGGAATA-1,1
CGTCCATGTAAGAGGA-1,2
CGTCCATTCGGAGGTA-1,1
CGTGAGCAGACACTAA-1,1
CGTGAGCGTGGCTCCA-1,1
CGTGTAATCAATCTCT-1,2
CGTGTCTGTCACTTCC-1,1
CGTGTCTGTGATGCCC-1,3
CGTGTCTGTTCACCTC-1,1
CGTGTCTTCATCGCTC-1,3
CGTGTCTTCTAACCGA-1,1
CGTTAGAGTCAGGACA-1,2
CGTTAGATCCACGTGG-1,2
CGTTCTGAGGCAAAGA-1,1
CGTTCTGAGGCATGTG-1,1
CGTTCTGCAGCTCGAC-1,1
CGTTCTGTCTACCAGA-1,1
CGTTGGGAGAGTCTGG-1,1
CGTTGGGGTCTCTTTA-1,1
CTAACTTAGCGATGAC-1,2
CTAACTTAGGTGACCA-1,3
CTAACTTGTCAGAGGT-1,1
CTAATGGAGAAGGGTA-1,1
CTAATGGAGATGTCGG-1,2
CTAATGGTCTGCGTAA-1,1
CTACACCGTCAACTGT-1,1
CTACATTCAAAGTCAA-1,1
CTACCCACACCTGGTG-1,2
CTACCCAGTAGCGTGA-1,1
CTACCCAGTTTGACAC-1,3
CTACGTCGTCTCTCTG-1,2
CTAGAGTGTACGACCC-1,1
CTAGCCTCAAATCCGT-1,1
CTAGCCTGTAGAGGAA-1,1
CTAGTGATCGGCCGAT-1,1
CTAGTGATCTCTGTCG-1,2
CTCACACCAATGTAAG-1,1
CTCACACCAGCTCGCA-1,1
CTCATTACACCGGAAA-1,1
CTCATTAGTAACGCGA-1,1
CTCCTAGAGTATTGGA-1,1
CTCCTAGTCGGCATCG-1,2
CTCGAAAAGTTTAGGA-1,1
CTCGAAAGTATGAATG-1,1
CTCGAGGGTACAGCAG-1,2
CTCGGAGAGCTAGTTC-1,1
CTCGGGAAGCCCGAAA-1,3
CTCGGGACACGGCTAC-1,1
CTCGGGACATATGCTG-1,1
CTCGGGAGTGCCTGCA-1,1
CTCGGGAGTGTCTGAT-1,1
CTCGTACCATTGCGGC-1,1
CTCGTCATCATACGGT-1,2
CTCTAATAGACCTAGG-1,2
CTCTAATCAGGGTTAG-1,1
CTCTACGCACCAACCG-1,1
CTCTGGTGTCATGCAT-1,1
CTCTGGTTCTGCTTGC-1,1
CTGAAGTGTGCCTGGT-1,1
CTGAAGTGTTGTTTGG-1,3
CTGAAGTTCACCACCT-1,1
CTGAAGTTCTACCAGA-1,1
CTGATAGGTTCGTTGA-1,1
CTGATCCCACAGCGTC-1,2
CTGATCCCACCCTATC-1,1
CTGATCCCACGAAAGC-1,1
CTGATCCCACTGTTAG-1,2
CTGATCCCATCCGTGG-1,1
CTGATCCTCTTTAGTC-1,1
CTGCCTAAGTCATCCA-1,1
CTGCGGAAGCGTAATA-1,2
CTGCGGAAGTTCCACA-1,1
CTGCGGACAGTGACAG-1,2
CTGCGGAGTTCCTCCA-1,2
CTGCTGTGTATTCGTG-1,1
CTGCTGTGTCCAACTA-1,1
CTGCTGTTCAAGATCC-1,1
CTGCTGTTCGTATCAG-1,2
CTGCTGTTCTGAGTGT-1,1
CTGGTCTAGCTTCGCG-1,1
CTGTGCTAGCGCCTTG-1,1
CTGTGCTGTAGCGTGA-1,1
CTGTGCTGTGCACTTA-1,1
CTGTTTAAGGGATCTG-1,1
CTTAACTCAATGGATA-1,2
CTTACCGGTCAGCTAT-1,1
CTTAGGACATAGGATA-1,1
CTTAGGATCATCACCC-1,1
CTTAGGATCCATGAGT-1,1
CTTCTCTGTTTGGCGC-1,1
CTTGGCTTCGCCAAAT-1,1
CTTTGCGCACTGTGTA-1,1
CTTTGCGTCGGATGTT-1,1
GAAACTCAGCTCCTCT-1,1
GAAACTCGTACCATCA-1,2
GAAACTCTCACCCTCA-1,1
GAAATGAAGAATTCCC-1,1
GAAATGAAGAGACTTA-1,2
GAAATGATCGGAGGTA-1,1
GAACATCGTGCCTGTG-1,2
GAACATCTCCGTTGCT-1,1
GAACCTAGTAGCGTCC-1,1
GAACCTATCAAAGACA-1,1
GAACGGAAGCACGCCT-1,1
GAAGCAGCAAGCCATT-1,1
GAAGCAGGTAAATACG-1,2
GAAGCAGGTCAAAGCG-1,1
GAAGCAGTCCGATATG-1,1
GAATAAGAGAATAGGG-1,1
GAATGAATCAATAAGG-1,1
GACACGCAGCCACCTG-1,2
GACACGCGTCCAAGTT-1,1
GACACGCGTTTAGGAA-1,2
GACAGAGCATCCGCGA-1,2
GACAGAGGTGCGGTAA-1,1
GACCTGGCAATTGCTG-1,1
GACGCGTAGCCAACAG-1,2
GACGCGTTCACGCGGT-1,3
GACGGCTCAAAGCGGT-1,1
GACGGCTGTTGATTCG-1,1
GACGGCTTCCTGCTTG-1,1
GACGTGCGTAAACGCG-1,1
GACGTGCGTCACCTAA-1,1
GACGTTAAGGCTCTTA-1,1
GACGTTAAGGTGTGGT-1,1
GACGTTAAGTGTTGAA-1,1
GACGTTACAGTCTTCC-1,1
GACGTTAGTACCAGTT-1,1
GACGTTAGTTGTGGCC-1,1
GACGTTATCTCCCTGA-1,1
GACTAACAGCGCTTAT-1,1
GACTACATCACCTTAT-1,1
GACTGCGGTGAGGCTA-1,3
GACTGCGTCTGCTGCT-1,1
GAGCAGAGTTCCTCCA-1,1
GAGGTGAAGCGTTGCC-1,1
GAGGTGAGTTATCACG-1,1
GAGTCCGAGGACGAAA-1,1
GAGTCCGTCGCCTGTT-1,1
GATCAGTAGACTGTAA-1,1
GATCAGTGTAAGTGTA-1,1
GATCAGTGTATTACCG-1,1
GATCAGTTCATCACCC-1,3
GATCGATAGAATTGTG-1,1
GATCGATAGACCGGAT-1,1
GATCGATAGACTTTCG-1,1
GATCGATTCTTGGGTA-1,1
GATCGCGGTCATTAGC-1,1
GATCGCGGTCTCCACT-1,1
GATCGTAAGCTACCTA-1,2
GATCGTAAGGGCTTCC-1,2
GATCGTATCCAGAGGA-1,1
GATCTAGGTACTTCTT-1,1
GATCTAGGTGTTGGGA-1,1
GATGAAAGTTCGCGAC-1,1
GATGCTAAGCCAGAAC-1,2
GATGCTAAGCTACCTA-1,1
GATGCTAGTGAACCTT-1,1
GATGCTATCTGGCGAC-1,1
GCAAACTGTAAGTGGC-1,1
GCAAACTGTTCCGGCA-1,2
GCAATCAAGCCACTAT-1,1
GCAATCAGTCGACTGC-1,1
GCAATCATCTGCTGCT-1,1
GCACATACATCAGTAC-1,1
GCACATATCAGCATGT-1,1
GCACTCTAGACGCAAC-1,1
GCACTCTCACAACGCC-1,4
GCACTCTGTCCAACTA-1,1
GCAGCCACAATGACCT-1,1
GCAGCCAGTTCAGCGC-1,1
GCAGTTAAGCTCTCGG-1,2
GCAGTTAGTCTCTCGT-1,2
GCATACAAGGGTATCG-1,3
GCATACAGTTCGGGCT-1,1
GCATGATCATCAGTCA-1,2
GCATGATGTGCCTGTG-1,1
GCATGATTCTCATTCA-1,1
GCATGCGAGCCCGAAA-1,1
GCATGCGCATACTCTT-1,1
GCATGCGCATGACGGA-1,1
GCCAAATCAAACCTAC-1,1
GCCAAATGTACACCGC-1,1
GCCAAATGTGTTAAGA-1,1
GCCTCTACAGACACTT-1,1
GCCTCTACATCACGTA-1,3
GCGACCATCTCCTATA-1,1
GCGAGAAAGGTGTTAA-1,1
GCGAGAAAGTTAGGTA-1,1
GCGAGAACAAACCTAC-1,1
GCGAGAACAGGGTACA-1,1
GCGCAACAGGTGTGGT-1,1
GCGCAACTCCGCATCT-1,2
GCGCAACTCTTTCCTC-1,2
GCGCCAAAGTATCGAA-1,1
GCGCCAACATACAGCT-1,4
GCGCCAATCTGCGTAA-1,1
GCGCGATGTCTAGCCG-1,1
GCGCGATGTGTTAAGA-1,2
GCGGGTTGTACAGTTC-1,1
GCTCCTAAGACTAAGT-1,1
GCTCCTAGTCGGCACT-1,1
GCTCCTATCGGTTCGG-1,1
GCTCCTATCTCGTATT-1,2
GCTCTGTAGAACAACT-1,1
GCTCTGTTCACCCGAG-1,2
GCTGCAGAGCACCGCT-1,1
GCTGCAGCATCGATGT-1,1
GCTGCAGGTCATGCAT-1,2
GCTGCAGGTTCGCTAA-1,3
GCTGCAGTCGACGGAA-1,1
GCTGCGAAGACAGAGA-1,1
GCTGCGACATTGGCGC-1,1
GCTGCGATCAAGCCTA-1,1
GCTGCTTCACGTAAGG-1,2
GCTGCTTCAGACAAGC-1,1
GCTGCTTGTGCATCTA-1,1
GCTGCTTTCCTGTAGA-1,1
GCTGCTTTCTACCAGA-1,2
GCTGGGTCAACGATGG-1,2
GCTGGGTCAGACACTT-1,2
GCTTCCAAGGTAGCTG-1,1
GCTTCCACAACGCACC-1,1
GCTTCCACAATGGAAT-1,1
GCTTCCACAGGGAGAG-1,1
GCTTCCACATTTGCTT-1,3
GCTTCCAGTAATCACC-1,1
GCTTCCAGTGAAAGAG-1,1
GCTTCCAGTTAAAGAC-1,2
GCTTGAAAGACGCACA-1,1
GCTTGAACACCAGGCT-1,1
GCTTGAACAGGGTACA-1,1
GCTTGAATCTCGAGTA-1,1
GGAAAGCAGAGAACAG-1,1
GGAAAGCAGTTAAGTG-1,2
GGAAAGCCAATAACGA-1,1
GGAACTTGTAGCTCCG-1,1
GGAACTTGTATATCCG-1,1
GGAACTTTCGTCCAGG-1,1
GGAATAACATGCAACT-1,1
GGAATAATCAACACGT-1,1
GGACAAGCATGGTCTA-1,1
GGACAAGTCCACTCCA-1,2
GGACAGAAGCAATATG-1,1
GGACAGACAGTATCTG-1,1
GGACAGAGTCGGCACT-1,1
GGACAGAGTTACAGAA-1,1
GGACATTCAACTGGCC-1,1
GGACATTTCACATACG-1,1
GGACATTTCGTAGATC-1,1
GGACGTCAGCACACAG-1,3
GGACGTCGTTATCACG-1,1
GGATGTTAGGGTTCCC-1,1
GGATGTTAGTAGGTGC-1,2
GGATGTTCATGTCTCC-1,1
GGATTACCATCAGTCA-1,1
GGATTACTCTGTCTCG-1,2
GGCAATTAGGAGTAGA-1,1
GGCCGATCAGGCTCAC-1,1
GGCCGATGTGTAAGTA-1,1
GGCGACTAGAGGTACC-1,1
GGCGACTCACTGAAGG-1,2
GGCGACTGTTATCGGT-1,1
GGCGTGTCAACTGCGC-1,1
GGCGTGTGTACAGACG-1,1
GGCTCGAAGCCAGTAG-1,1
GGCTCGAGTTCCCTTG-1,1
GGCTCGATCCCGACTT-1,1
GGGAATGAGGAGTACC-1,3
GGGAATGCAGTTCCCT-1,1
GGGAATGGTCTGGTCG-1,3
GGGAATGGTGGCTCCA-1,1
GGGACCTAGAAGGTGA-1,1
GGGACCTCAAACTGCT-1,3
GGGACCTTCGTAGGAG-1,1
GGGACCTTCTGCGGCA-1,3
GGGAGATAGGACAGAA-1,1
GGGAGATTCGGCCGAT-1,1
GGGATGAAGCTGTCTA-1,1
GGGCACTTCTGGCGAC-1,1
GGGCATCTCAGCATGT-1,1
GGGTCTGAGGGCTCTC-1,2
GGGTCTGGTCACAAGG-1,3
GGGTTGCAGATGTTAG-1,1
GGGTTGCAGTAGATGT-1,1
GGGTTGCAGTCCCACG-1,1
GGTGAAGAGAGAGCTC-1,2
GGTGAAGGTTACGGAG-1,1
GGTGAAGTCCTTTCGG-1,1
GGTGTTAAGCGATGAC-1,2
GTAACGTCAAAGTCAA-1,2
GTAACGTCAACTGCTA-1,1
GTAACTGGTAAGGGCT-1,1
GTAACTGTCTGTACGA-1,2
GTACTCCGTAGCTTGT-1,1
GTACTCCGTCAGAGGT-1,3
GTACTTTTCGGCGCAT-1,2
GTAGGCCTCAGAGCTT-1,1
GTAGTCAGTCAGAATA-1,2
GTAGTCATCACTCCTG-1,1
GTATCTTAGTTGTAGA-1,2
GTATCTTCATCGATGT-1,1
GTATCTTGTTCGTCTC-1,1
GTATCTTTCTACTTAC-1,1
GTATTCTAGATGCGAC-1,2
GTATTCTGTAAGAGAG-1,1
GTATTCTGTTTAGCTG-1,1
GTCACAAAGTGGAGAA-1,1
GTCACAACAACACCTA-1,2
GTCACGGCACGAAGCA-1,1
GTCACGGTCTGTCTCG-1,2
GTCATTTTCATGCAAC-1,1
GTCCTCACACAACGCC-1,1
GTCCTCACACCCATTC-1,1
GTCCTCATCATGTGGT-1,1
GTCGTAACAGGTTTCA-1,1
GTCGTAAGTGCCTGCA-1,1
GTCGTAAGTTCTGAAC-1,1
GTCTTCGAGAACAACT-1,1
GTGAAGGAGTGACATA-1,1
GTGAAGGCAATCACAC-1,1
GTGAAGGCACGGTAAG-1,3
GTGAAGGTCATCACCC-1,1
GTGCAGCCAGCCTGTG-1,1
GTGCAGCGTGAGGGTT-1,1
GTGCATAAGACCACGA-1,1
GTGCATAAGCCAGAAC-1,1
GTGCATAAGTACACCT-1,1
GTGCATACAAGGTTTC-1,1
GTGCATAGTCAGAGGT-1,1
GTGCATAGTGATGCCC-1,1
GTGCATATCGGACAAG-1,1
GTGCGGTCACTTAAGC-1,1
GTGCGGTCATAGAAAC-1,1
GTGCTTCAGGAACTGC-1,1
GTGCTTCGTCAACATC-1,2
GTGTGCGTCCCTTGCA-1,1
GTGTTAGAGACTAGAT-1,1
GTGTTAGAGTAGGTGC-1,1
GTGTTAGGTCTCTTAT-1,1
GTGTTAGTCGAATCCA-1,1
GTTAAGCGTGAACCTT-1,1
GTTAAGCTCAACGGCC-1,3
GTTACAGCAGTTTACG-1,1
GTTACAGTCCACTCCA-1,1
GTTCGGGCATCCGTGG-1,2
GTTCGGGTCGTCTGCT-1,1
GTTCTCGAGGACAGCT-1,2
GTTCTCGAGGCCGAAT-1,3
GTTTCTACACAGACTT-1,1
GTTTCTACAGTATAAG-1,1
TAAACCGTCGCTTGTC-1,1
TAAGAGAGTAAGTGGC-1,2
TAAGAGAGTAATCACC-1,1
TAAGAGATCCGTAGGC-1,1
TAAGAGATCCTAGAAC-1,3
TAAGCGTAGACTTTCG-1,1
TAAGCGTAGCTGTTCA-1,1
TAAGCGTAGTTAAGTG-1,1
TAAGCGTGTCGAGATG-1,1
TAAGTGCAGTGTACGG-1,1
TAAGTGCTCAGTCAGT-1,3
TAAGTGCTCATGTCCC-1,1
TAAGTGCTCTGTCTCG-1,1
TAAGTGCTCTTTAGTC-1,1
TACACGACACACCGAC-1,1
TACACGATCTACTTAC-1,1
TACAGTGAGGAGTTGC-1,2
TACAGTGCAAGAGTCG-1,3
TACAGTGGTACGACCC-1,1
TACAGTGTCTTTAGTC-1,1
TACCTATCAGCATACT-1,2
TACCTATCATTCGACA-1,1
TACCTATGTTCCACAA-1,1
TACCTATTCGAATGGG-1,1
TACCTTATCCACGTGG-1,1
TACCTTATCGCCCTTA-1,1
TACGGATAGTCAAGGC-1,1
TACGGATCACGTAAGG-1,2
TACGGATGTATGGTTC-1,2
TACGGATTCGCCAAAT-1,1
TACGGGCAGTCCATAC-1,1
TACGGGCCAACACCCG-1,1
TACGGGCCAGATAATG-1,1
TACGGTAAGACAGGCT-1,1
TACTCGCCACAACGTT-1,2
TACTCGCGTTCTGGTA-1,1
TACTTACAGCGATATA-1,1
TACTTACCATCGTCGG-1,1
TACTTACGTACTTAGC-1,1
TACTTGTAGCTGAACG-1,2
TACTTGTCACATGACT-1,2
TAGACCATCAATACCG-1,2
TAGAGCTAGTGGTCCC-1,1
TAGAGCTAGTTAGGTA-1,1
TAGAGCTCACCCATTC-1,3
TAGAGCTGTACGCACC-1,1
TAGAGCTTCCATGAGT-1,1
TAGAGCTTCGGCATCG-1,1
TAGCCGGAGCCTCGTG-1,1
TAGCCGGAGGTTACCT-1,1
TAGCCGGAGTACGTTC-1,1
TAGCCGGCACTTCTGC-1,1
TAGCCGGGTAAGTAGT-1,3
TAGCCGGTCTGTCCGT-1,1
TAGGCATCAAGACACG-1,1
TAGGCATCACATCCAA-1,1
TAGGCATTCAACGAAA-1,1
TAGTGGTAGAGCTGGT-1,1
TAGTGGTCACGACTCG-1,2
TAGTGGTCAGCCTTGG-1,1
TAGTGGTCATGTAGTC-1,2
TAGTTGGAGTACCGGA-1,1
TAGTTGGCAATAAGCA-1,1
TAGTTGGCACACATGT-1,2
TAGTTGGTCGGCATCG-1,1
TATCAGGCAAGGCTCC-1,3
TATCAGGCAGCTCGCA-1,1
TATCAGGGTCCAGTGC-1,1
TATCAGGTCCAAACAC-1,1
TATCTCACATAGACTC-1,1
TATCTCATCTCGAGTA-1,3
TATGCCCCAGATCCAT-1,1
TATGCCCTCGTGGTCG-1,1
TATTACCGTTGATTGC-1,1
TCAACGAAGACATAAC-1,1
TCAACGAAGGAGTTTA-1,1
TCAACGAAGTGGTAAT-1,1
TCAACGACAGACAAGC-1,1
TCAACGATCCATGCTC-1,1
TCAACGATCTTAACCT-1,1
TCAATCTGTACGCACC-1,1
TCACAAGCACAAGACG-1,1
TCACAAGCACCAACCG-1,1
TCACAAGGTGCAACTT-1,3
TCACAAGTCTTCAACT-1,2
TCACGAACAGACACTT-1,2
TCACGAAGTAGCGTCC-1,1
TCAGATGAGCCGCCTA-1,1
TCAGCAAAGTCTCGGC-1,1
TCAGCTCCATGTTCCC-1,1
TCAGGATGTAAGTGGC-1,1
TCAGGATTCCGTTGTC-1,1
TCAGGTACAGCCAGAA-1,1
TCATTACGTCCCTACT-1,1
TCATTACGTTGGACCC-1,3
TCATTTGGTGAACCTT-1,2
TCATTTGTCCAAAGTC-1,1
TCATTTGTCCCTCTTT-1,1
TCATTTGTCCTTTCGG-1,2
TCCACACGTTAGATGA-1,1
TCCCGATAGCCCAGCT-1,1
TCCCGATCATCCGGGT-1,1
TCCCGATTCCGCTGTT-1,1
TCCCGATTCGTTTATC-1,1
TCGAGGCAGAGAACAG-1,1
TCGAGGCAGTGGAGAA-1,2
TCGAGGCCACCTCGTT-1,1
TCGCGAGCAAGTTAAG-1,1
TCGGGACGTTTGACAC-1,2
TCGGGACTCCTTAATC-1,1
TCGGTAAAGAGAACAG-1,3
TCGGTAAAGAGCCTAG-1,2
TCGGTAATCAGCGATT-1,1
TCGTACCGTACCATCA-1,1
TCGTACCGTAGAGCTG-1,1
TCGTACCGTTCAGTAC-1,1
TCGTAGACACGGCCAT-1,1
TCGTAGAGTTGGAGGT-1,1
TCGTAGAGTTTGGGCC-1,2
TCTATTGGTTCGTCTC-1,1
TCTCTAAAGCGATATA-1,1
TCTCTAACACCGATAT-1,1
TCTCTAACATCGGGTC-1,2
TCTCTAAGTCATTAGC-1,2
TCTCTAATCGATGAGG-1,1
TCTGAGAAGTACATGA-1,1
TCTGGAACAAGTAGTA-1,1
TCTGGAACAATGAATG-1,1
TCTGGAACAGTTAACC-1,1
TCTGGAAGTTGAGGTG-1,1
TCTTCGGCACAAGACG-1,1
TCTTCGGTCAGCGACC-1,3
TCTTTCCGTCAAACTC-1,1
TGAAAGACAAACGCGA-1,1
TGAAAGATCAGTCAGT-1,1
TGAAAGATCGGATGGA-1,1
TGAAAGATCTCAAACG-1,2
TGACAACAGGGCTCTC-1,1
TGACAACCACGCGAAA-1,1
TGACAACCATGACATC-1,1
TGACAACGTAAGAGAG-1,1
TGACAACTCGCCTGAG-1,1
TGACGGCCATAAGACA-1,1
TGACGGCGTGAGTATA-1,1
TGACGGCTCAATCTCT-1,1
TGACGGCTCAGCACAT-1,2
TGACTAGAGACCGGAT-1,1
TGACTAGCACGAAACG-1,1
TGAGAGGTCCCATTAT-1,3
TGAGCATAGAGTGACC-1,1
TGAGCATCAATGAATG-1,1
TGAGCATCATACTACG-1,1
TGAGCCGGTACACCGC-1,1
TGAGCCGGTGTTGAGG-1,2
TGAGGGAAGCTCCTCT-1,1
TGAGGGAGTATAGGGC-1,1
TGAGGGATCGTTTGCC-1,1
TGCACCTCAGGCAGTA-1,1
TGCACCTGTAGCGTCC-1,3
TGCCAAAGTTCAGCGC-1,1
TGCCAAATCGCAGGCT-1,1
TGCCAAATCGTAGATC-1,3
TGCCCATCATACGCTA-1,1
TGCCCATGTCTGATCA-1,2
TGCCCTAAGCAGACTG-1,1
TGCCCTAAGGCGCTCT-1,2
TGCCCTACATCCGTGG-1,2
TGCCCTAGTAGCTTGT-1,3
TGCCCTATCACTTACT-1,1
TGCGCAGAGAGCAATT-1,2
TGCGCAGCATCTACGA-1,1
TGCGCAGGTCCAGTTA-1,1
TGCGTGGAGCCCAACC-1,1
TGCGTGGAGGATTCGG-1,2
TGCGTGGCAACTGGCC-1,1
TGCGTGGCACCTCGTT-1,1
TGCTACCAGGAGTTGC-1,1
TGCTACCCAAGGACTG-1,1
TGCTACCTCAGCACAT-1,2
TGCTACCTCCGATATG-1,1
TGCTGCTCATTCCTCG-1,1
TGCTGCTGTATGGTTC-1,1
TGGACGCCAAGAAGAG-1,1
TGGACGCTCTCACATT-1,1
TGGCCAGCAAGGCTCC-1,2
TGGCCAGGTGTCAATC-1,1
TGGCGCAAGAGATGAG-1,2
TGGCGCACAAACTGTC-1,1
TGGCGCACATACCATG-1,1
TGGCGCAGTGGGTATG-1,1
TGGCTGGCAGCTATTG-1,1
TGGCTGGGTGACTCAT-1,2
TGGCTGGTCCTTAATC-1,1
TGGGAAGAGGAGTTTA-1,1
TGGGAAGCAGCTGGCT-1,1
TGGGAAGGTTCCACGG-1,1
TGGGAAGTCATTGCCC-1,3
TGGGAAGTCCGAATGT-1,1
TGGTTAGTCAGTGTTG-1,1
TGGTTCCAGAGCTTCT-1,1
TGGTTCCAGTGGTAAT-1,1
TGGTTCCGTAAGAGGA-1,1
TGGTTCCTCTTTAGTC-1,1
TGTATTCAGACAGAGA-1,1
TGTATTCAGGCTACGA-1,1
TGTATTCCATGTCCTC-1,2
TGTCCCACAAGGTGTG-1,1
TGTGGTAAGCAGGTCA-1,1
TGTGGTAGTCCGACGT-1,1
TGTGGTAGTGCCTGTG-1,1
TGTGGTAGTGTTTGGT-1,1
TGTGTTTCAAGGTTCT-1,1
TGTGTTTCATCCCACT-1,1
TGTGTTTTCCTTGACC-1,1
TGTGTTTTCTGCTTGC-1,1
TGTTCCGGTGTCAATC-1,1
TTAACTCGTACCAGTT-1,1
TTAACTCTCCCGACTT-1,1
TTAGGACGTATTACCG-1,1
TTAGGCATCTCCGGTT-1,1
TTATGCTGTTCTGGTA-1,1
TTATGCTTCAGCCTAA-1,1
TTCCCAGAGGGATACC-1,1
TTCCCAGTCCCTAATT-1,1
TTCGAAGGTACGCTGC-1,1
TTCGAAGGTAGTAGTA-1,1
TTCGAAGTCAAACCAC-1,1
TTCGGTCCACATCTTT-1,2
TTCTACAGTGTTTGGT-1,2
TTCTCAAAGTACGTAA-1,1
TTCTCAACAGGCTCAC-1,2
TTCTCAAGTCCCTACT-1,2
TTCTCCTAGTCTTGCA-1,1
TTCTCCTGTATTACCG-1,1
TTCTCCTGTTGTTTGG-1,1
TTCTCCTTCGTACCGG-1,3
TTCTCCTTCTCCTATA-1,1
TTCTTAGCAAGGGTCA-1,1
TTCTTAGGTTATCGGT-1,1
TTGAACGAGTGGAGAA-1,1
TTGAACGCACGACGAA-1,1
TTGAACGTCCTATGTT-1,3
TTGACTTCACAACGCC-1,1
TTGACTTTCTATCCTA-1,2
TTGCCGTCAGCTCCGA-1,1
TTGCCGTCATGACATC-1,1
TTGCGTCGTTGTCTTT-1,1
TTGCGTCTCAGAGACG-1,2
TTGCGTCTCGTCTGCT-1,1
TTGGAACAGAAACGAG-1,1
TTGGAACAGGGCTTCC-1,1
TTGGAACTCATATCGG-1,1
TTGGCAACACATCCGG-1,1
TTGGCAACAGGGTATG-1,1
TTGGCAATCAACACTG-1,1
TTGTAGGAGAGTTGGC-1,1
TTGTAGGAGGGTATCG-1,1
TTGTAGGGTTGTACAC-1,1
TTGTAGGTCTCTGAGA-1,1
TTTACTGCAGGGTACA-1,2
TTTACTGGTATGGTTC-1,1
TTTACTGGTGAGGCTA-1,1
TTTACTGTCCACGTTC-1,1
TTTATGCAGGCCCTCA-1,3
TTTATGCCACCAACCG-1,1
TTTATGCTCGGCTACG-1,1
TTTCCTCCATGCCTTC-1,1
TTTCCTCCATTTCACT-1,1
TTTCCTCTCAACGGGA-1,1
TTTGCGCAGGATTCGG-1,1
TTTGCGCCAGCCACCA-1,3
TTTGCGCGTAGGGTAC-1,1
TTTGCGCTCCTGTACC-1,1
TTTGGTTCAGCATACT-1,1
TTTGGTTCATACTACG-1,1
TTTGTCAGTCAGGACA-1,1
TTTGTCAGTCTGCAAT-1,1
TTTGTCAGTTAAGACA-1,1
TTTGTCATCAGCTTAG-1,1
